ID,商品名称,价格（元）,近30天销量（件）,广告词,促销活动,评论数,日期,品牌
560796460750 ,红星二锅头酒白扁56度100ml瓶装清香型白酒小扁二,12,961,,,402,2018/2/27,红星
45870740587 ,致中和 韧劲酒香 35度低度小酒125ml 酒厂直供,12.6,115,致中和,满2件7.5折,1750,2018/2/27,致中和
43211682074 ,红星二锅头酒大二绿瓶56度 500ml清香型白酒酒厂直供,13,8703,整箱原厂包装 见详情链接,满99元减10元,22575,2018/2/27,红星
43261836143 ,42度牛栏山陈酿500ml 二锅头白酒白牛 浓香型白酒,13,12722,正宗牛栏山 地道北京味,,18083,2018/2/27,牛栏山
540741239830 ,致中和35度小百年白酒125ml/瓶 建德特产 酒厂直供,15,28,,,3103,2018/2/27,致中和
44646135143 ,四特酒莲四系列莲四52度 500ml特香型白酒江西名酒酒厂直供,16,203,特香典范 中国四特 猫超自营 百城次日达,,2469,2018/2/27,四特
533909289770 ,汾酒 山西杏花村竹叶青酒38度玻竹150ml清香型酒,17.5,143,竹叶青 露酒,,1133,2018/2/27,汾酒
542806723433 ,泸州老窖泸小二 42度 125ml 中度 白酒,18,79,,,941,2018/2/27,泸州老窖
525051924381 ,洋河 绿敦煌大曲 42度500ml 浓香型白酒 猫超自营,19,1187,敦煌大曲 老牌名酒,,2404,2018/2/27,洋河
533767751992 ,牛栏山42度塑桶二锅头2L 清香型桶装白酒特价大牛桶,19.9,2029,正宗牛栏山 地道北京味,,7060,2018/2/27,牛栏山
538705671233 ,安达情闷倒驴60度圆钢壶750ml单瓶装清香型白酒,19.9,218,纯粮高度酒 好喝不上头,,364,2018/2/27,安达情
540011154689 ,泸州老窖 泸州原浆柔和 52度 500mL 白酒浓香型,20,3116,,,25921,2018/2/27,泸州老窖
523751557195 ,红星二锅头大二56度 750ml酒厂直供包装更新中,20,763,老百姓爱喝的二锅头 天猫自营 百城次日达,满99元减10元,2253,2018/2/27,红星
551838729137 ,【天猫超市】双沟青优42度200ml猫超新品小酒超值优惠酒厂直供,20,49,,,325,2018/2/27,双沟
562468261759 ,劲牌劲酒公司和露酒玫瑰花香型8度275mL单瓶装,20,89,,,17,2018/2/27,劲牌
562989357827 ,牛栏山52度珍品陈酿（银牛）150ml浓香型小瓶白酒,24,4,,,0,2018/2/27,牛栏山
523749894366 ,红星二锅头酒绵柔8陈酿蓝瓶43度500ml白酒酒厂直供,27,1677,老百姓爱喝的二锅头 满减更优惠 天猫自营,满99元减10元,3074,2018/2/27,红星
556738841682 ,牛栏山42度2L桶装二锅头+精武鸭锁骨150g组合装,27.9,30,,,76,2018/2/27,牛栏山
537013830676 ,江小白品鉴酒更多优惠请见详情页非卖品请勿下单！,29,121,单纯高粱酿造 精制包装 特色语录,,67514,2018/2/27,江小白
521044476993 ,致中和果酒 青梅酒10度白酒200ml/瓶聚会女生用酒,29,415,整箱更优惠,满2件7.5折,10230,2018/2/27,致中和
45809251206 ,致中和白酒莲子酒42度125ml/瓶建德特产酒厂直供,29,27,本土红莲酿造 口感清雅醇香,满2件7.5折,4066,2018/2/27,致中和
552360897943 ,古井特曲50度500ml浓香白酒古井贡酒股份平价酒,29,71,古井特曲,满99元减30元,1827,2018/2/27,古井贡酒
530440341343 ,牛栏山二锅头白酒 出口美国型56度750ml 清香型白酒,29.9,215,正宗牛栏山 地道北京味 正品特惠,,850,2018/2/27,牛栏山
35263656074 ,红星二锅头酒苏扁50度 500ml清香型白酒酒厂直供,34,348,老百姓爱喝的二锅头 天猫自营 百城次日达,满99元减10元,693,2018/2/27,红星
541217125531 ,劲牌劲酒公司露酒32度追风活力500ml 瓶装 白酒,35,955,品味美酒,满2件5折,2473,2018/2/27,劲酒
523751413489 ,红星二锅头酒绵柔8陈酿蓝瓶43度 750ml白酒酒厂直供,37,1252,老百姓爱喝的二锅头 满减更优惠 天猫自营,满99元减10元,4962,2018/2/27,红星
533909513991 ,汾酒 山西杏花村竹叶青酒38度玻竹475ml清香型酒,37.9,535,竹叶青 露酒,,2874,2018/2/27,汾酒
533859373238 ,牛栏山珍品陈酿52度(金牛)500ml浓香型新品金牛,38,66,正宗牛栏山 地道北京味,,347,2018/2/27,牛栏山
523726503584 ,红星二锅头酒绵柔8陈酿53度 750ml白酒酒厂直供,38.9,1085,老百姓爱喝的二锅头 满减更优惠 天猫自营,满99元减10元,5856,2018/2/27,红星
533832146187 ,牛栏山(金牛)珍品陈酿39度500ml浓香型 珍品金牛,39,116,正宗牛栏山 地道北京味,,806,2018/2/27,牛栏山
534311990085 ,红星二锅头酒 60度 2L桶装清香型泡酒自营商品,39,149,中华老字号 老百姓 爱喝的酒 狂欢嗨购中,,628,2018/2/27,红星
521927873698 ,【天猫超市】五粮液股份公司 富贵天下 精品级 52度 500mL 白酒,39,797,需要礼袋 请拍双只装,满2件送任意1件赠品（赠完即止）,614,2018/2/27,五粮液
521701149323 ,洋河 蓝优42度480ml 白酒蓝色经典之白酒酒厂直供,39.6,366,,,8184,2018/2/27,洋河
522678601441 ,【天猫超市】西凤 相约百年F10 52度 500mL 浓香型 白酒,39.9,713,陕西西凤酒,,1569,2018/2/27,西凤
557641084006 ,双沟青优42度200ml*2猫超新品小酒超值优惠酒厂直供,40,2,,,10,2018/2/27,双沟
541866022474 ,洋河 炫彩50度480mL单瓶装白酒 4款颜色随机发货,41,2492,需要4种颜色 请拍整箱装,,15655,2018/2/27,洋河
521072115557 ,汾酒杏花村53度黄盖玻汾475ml清香型白酒酒厂直供,42,1872,官方授权 天猫配送 保真快捷,,2424,2018/2/27,汾酒
561356781714 ,山西汾酒杏花村竹叶青酒45度出口竹玻璃瓶500mL单瓶装酒厂直供,42,1045,详情页领券满199减25,,510,2018/2/27,汾酒
530247541394 ,牛栏山 百年红（6） 35度 单瓶装 500ml 口感浓香型,42,73,单笔订单 送一个礼袋 如需多个礼袋 请拍套装,满2件送任意1件赠品（赠完即止）,179,2018/2/27,牛栏山
537498161984 ,牛栏山 百年红（6） 50度 单瓶装 500ml 口感浓香型,42,141,正宗牛栏山地道北京味,满2件送任意1件赠品（赠完即止）,86,2018/2/27,牛栏山
525495267894 ,牛栏山 珍品（15） 45度 单瓶装 400ml 口感清香型,45,311,单笔订单 送一个礼袋 如需多个礼袋 请拍套装,满2件送任意1件赠品（赠完即止）,652,2018/2/27,牛栏山
541673010450 ,白云边5年陈酿五年42度 500mL浓酱兼香型白酒特价,46.5,4,湖北名酒 纯粮发酵 新老包装随机发货,,226,2018/2/27,白云边
521690391914 ,洋河 蓝优52度480ml 浓香型 白酒 猫超自营品质保证,46.8,174,,,832,2018/2/27,洋河
552568278306 ,古井礼品酒50度500ml浓香白酒古井贡酒股份平价酒,48,50,天猫自营 百城次日达,满99元减30元,1567,2018/2/27,古井贡酒
530247377767 ,牛栏山 百年红（8） 38度 单瓶装 500ml 口感浓香型,48,294,如需礼袋 请拍整箱装,满2件送任意1件赠品（赠完即止）,396,2018/2/27,牛栏山
537381935195 ,牛栏山二锅头珍品（30） 53度125ml 清香型白酒 小酒版,48,123,,,138,2018/2/27,牛栏山
535760560780 ,【天猫超市】五粮液股份公司 纳福彰显尊贵 精品级52度500mL白酒,49,534,,,20568,2018/2/27,五粮液
541976871026 ,【天猫超市】西凤 西凤名酿尊品级 52度 500mL 白酒 浓香型,49,520,,,441,2018/2/27,西凤
538847580125 ,安达情闷倒驴60度草原一家人3斤清香型白酒蒙古烈酒,49,119,纯粮高度酒 好喝不上头,,158,2018/2/27,安达情
556607534956 ,五粮液股份尖庄贰零零玖50度450ml浓香型国产白酒,49.8,332,四川宜宾产,,188,2018/2/27,五粮液
541907786134 ,贵州茅台集团循环产投封坛1992铂金版 500mL白酒,49.9,1591,,满2件8折,7910,2018/2/27,茅台
43741095990 ,剑南春陈坛特曲52度白酒500ml 纯粮酿造高度白酒,52,1739,需要礼袋请拍2瓶礼袋装,满2件5折,3530,2018/2/27,剑南春
529773396271 ,五粮液股份公司 富贵天下绵纯级 500ml 52度 白酒,52,5092,,满2件5折,2433,2018/2/27,五粮液
22203379569 ,劲牌 中国劲酒35度 680mL 瓶装低度白酒 单瓶装,52,202,此商品净含量为 680ml 请查看详情页,,1126,2018/2/27,劲酒
41394227540 ,古井贡酒经典老窖50度500ml浓香型白酒纯粮酒古井贡,52,570,,满2件7.5折,544,2018/2/27,古井贡酒
530274276768 ,牛栏山 二锅头桶装 62度 5L大桶实惠大容量白酒,52.9,1058,正宗牛栏山 地道北京味,,1188,2018/2/27,牛栏山
530247621061 ,牛栏山桶装二锅头清香型 56度 5L大壶酒 泡药酒,55,1744,正宗牛栏山 地道北京味,,11046,2018/2/27,牛栏山
531000636614 ,牛栏山二锅头白酒62度5L大桶装泡药酒牛栏山酒,55,1372,正宗牛栏山 地道北京味,,7905,2018/2/27,牛栏山
21921851736 ,四特青花窖藏50度 500ml特香型 白酒家宴酒厂直供,55,322,特香典范 中国四特 猫超自营 百城次日达,满2件送任意1件赠品（赠完即止）,957,2018/2/27,四特
26927856324 ,四特红花窖藏52度 460ml特香型 白酒婚宴酒厂直供,55,93,特香典范 中国四特 猫超自营 百城次日达,,173,2018/2/27,四特
540624673398 ,牛栏山42度珍品陈酿20年土豪金牛500ml浓香型白酒,55,73,,,147,2018/2/27,牛栏山
561856729115 ,牛栏山42度2L塑桶二锅头清香型+宁夏红枸杞500g组套装,55,6,,,4,2018/2/27,牛栏山
538227361657 ,贵州飞天不老酒53度 500ml 单瓶酱香型 国产白酒,56,1523,酱香突出，回味悠长,满2件5折,2954,2018/2/27,飞天不老
36493377113 ,五粮液五粮醇3D第三代45度500ml浓香型白酒酒厂直供,57,500,大家风范 系出名门,满99元减20元送任意1件赠品（赠完即止）,422,2018/2/27,五粮液
531371339222 ,五粮液五粮醇3D第三代50度500ml浓香型白酒酒厂直供,58,384,大家风范 系出名门,满99元减20元送任意1件赠品（赠完即止）,588,2018/2/27,五粮液
543636947223 ,五粮液股份 尖庄酒 50度1.35L 浓香型 国产白酒,58,429,酒味醇厚甘美，喷香浓郁,,440,2018/2/27,五粮液
545142164165 ,五粮液五粮醇优醇42度500ml/瓶浓香型白酒酒厂直供,58,180,原厂正品 质量保证,满99元减30元送任意1件赠品（赠完即止）,110,2018/2/27,五粮液
561248463906 ,泸州老窖泸小二Mr Lure酒33度330ml中度白酒新品上市,58,17,新品上市,,8,2018/2/27,泸州老窖
521988942748 ,五粮液股份公司 富贵天下 上品级 52度500mL 白酒,59,2134,需要礼袋 请拍双只装,满2件5折,2432,2018/2/27,五粮液
532132163638 ,【天猫超市】泸州老窖家酒K652度500ml 高度白酒老窖酒厂自营,59,5,限时钜惠，更多优惠点击下方活动,,2405,2018/2/27,泸州老窖
530247365980 ,牛栏山二锅头珍品陈酿52度1000ml 浓香型 单瓶装,59,229,正宗牛栏山 地道北京味,,919,2018/2/27,牛栏山
539746853653 ,衡水老白干香醇52度 500ml老白干香型国产白酒,59,158,香醇美酒，快意人生,满2件5折,836,2018/2/27,衡水老白干
540726420354 ,郎 幸福郎酒 50度 500mL 浓香型 白酒送礼好选,59,70,,,699,2018/2/27,郎酒
525548212636 ,牛栏山 珍品（20）52度 单瓶装 450ml 口感清香型,59,193,单笔订单 送1个礼袋,满2件送任意1件赠品（赠完即止）,473,2018/2/27,牛栏山
541968098063 ,西凤 西凤名酿窖藏级 52度 500mL 浓香型 国产白酒,59,139,,,189,2018/2/27,西凤
560359907371 ,泸州老窖2017版家酒L352度500ml高度白酒酒厂直供,59,626,,,171,2018/2/27,泸州老窖
562923187061 ,红星二锅头56度500ml*2+56度750ml*2大二绿瓶,59,99,,,39,2018/2/27,红星
555282262631 ,牛栏山 百年红（8） 52度 单瓶装 500ml 口感浓香型白酒婚庆用酒,59,57,,满2件送任意1件赠品（赠完即止）,20,2018/2/27,牛栏山
564218437830 ,泸州老窖世家喜庆装52度500ml高度白酒 酒厂直供,59,2,,,0,2018/2/27,泸州老窖
527055831831 ,贵州茅台保健酒公司茅乡封藏酒V10白酒52度浓香型,59.9,779,需礼袋 请拍整箱装,满2件5折,1279,2018/2/27,茅台
540848197655 ,致中和35度小百年白酒125ml*6瓶 建德特产 酒厂直供,60,4,,,149,2018/2/27,致中和
557700935676 ,双沟青优42度200ml*3猫超新品小酒超值优惠酒厂直供,60,11,,,6,2018/2/27,双沟
555120301162 ,伊力特46度新疆白酒伊力老窖250ml浓香型酒厂直供,65,437,天山雪水酿制，新疆伊犁名酒,满99元减10元；满288元减30元,152,2018/2/27,伊力特
540615740314 ,牛栏山52度珍品陈酿20年土豪金牛500ml浓香型白酒,65,19,,,33,2018/2/27,牛栏山
536872453030 ,江小白白酒清香型45度125ml*2瓶礼盒装小瓶高粱酒,66,2213,单纯高粱酿造 口感纯净 特色语录,,8562,2018/2/27,江小白
560139773647 ,泸州老窖浓香柔和52度500ml高度浓香型白酒新品上市,66.6,2409,新品上市，厂家直供，名酒限时购,满199元减100元,784,2018/2/27,泸州老窖
527147068336 ,洋河大曲老天蓝42度 500ml浓香型白酒酒厂直供,68,108,天猫自营 新老包装更替中 随机发货,满2件7.5折,6692,2018/2/27,洋河
526247091984 ,洋河大曲38度 500ml浓香型 白酒 粮食酒酒厂直供,68,540,天猫自营 新老包装更替 随机发货,满2件5折,946,2018/2/27,洋河
36500200637 ,泸州老窖头曲 52度 500ml高度 白酒酒厂直供,68,334,泸州老窖真酒，限时直降，厂家直供,,764,2018/2/27,泸州老窖
540023767156 ,泸州老窖头曲55度 625ml浓香型 高度 白酒,68,433,真酒限时钜惠，好货限时购，厂家直供,满99元减10元,370,2018/2/27,泸州老窖
531378927320 ,五粮液五粮醇红淡雅(光瓶)50度500ml浓香型白酒酒厂直供,69,2027,大家风范 系出名门,,10536,2018/2/27,五粮液
529772852934 ,山西杏花村汾酒集团 百年汾杏名酿475mL 国产白酒,69,5426,,,4770,2018/2/27,汾酒
521930470962 ,五粮液股份公司 富贵天下柔和级 52度 500ml 白酒,69,4271,需要礼袋 请拍双只装,满2件5折,3866,2018/2/27,五粮液
523406664332 ,致中和白酒 38度枸杞酒500ml/瓶盒装 酒厂直供,69,43,枸杞 人参 黄精,满2件7.5折,1338,2018/2/27,致中和
557465940416 ,古井礼品酒50度500ml*2瓶浓香白酒古井贡酒股份,69,1766,,,1338,2018/2/27,古井贡酒
523406604400 ,致中和白酒 22度黑枣酒500ml/瓶盒装 酒厂直供,69,6,黑枣,满2件7.5折,1121,2018/2/27,致中和
538762004307 ,郎酒 吉祥嘉宾郎 50度 500mL 浓香型 白酒 自营,69,78,,满2件5折,1065,2018/2/27,郎酒
524866661390 ,五粮液股份公司 柔和级 52度 500mLx2（礼袋装）,69,307,内含1个 精美手提袋,,816,2018/2/27,五粮液
523374971748 ,致中和 38度银杏酒500ml/瓶盒装 送礼好选 酒厂直供,69,14,,满2件7.5折,695,2018/2/27,致中和
38466811969 ,郎酒 郎牌特曲T3-42度500ml 浓香型中度 白酒,69,258,2瓶送1个礼袋，2瓶以上请拍双支装,满2件送任意1件赠品（赠完即止）,625,2018/2/27,郎酒
523726751026 ,致中和 22度佛手酒500ml/瓶盒装 低度白酒 酒厂直供,69,13,,满2件7.5折,555,2018/2/27,致中和
525270291852 ,董酒老贵董酒54度500ml董香型高度贵州白酒纯粮酿造,69,174,经典口味 纯粮固态发酵 百草入曲,,494,2018/2/27,董酒
526247135948 ,洋河大曲55度 500ml 单瓶装浓香型 白酒酒厂直供,69,59,天猫自营 新老包装更替中 随机发货,,492,2018/2/27,洋河
528121305925 ,小糊涂仙酒52度250ml浓香型白酒酒厂直供保正品,69,290,古色古香，浓醇丝韵，古法传承,,432,2018/2/27,小糊涂仙
529789434061 ,致中和五加皮 植物保健字号100ml*6小瓶整箱 小秘制,69,107,致中和出品,,384,2018/2/27,致中和
23762412819 ,郎酒 郎牌特曲T3-50度500ml 浓香型高度 白酒,69,44,单笔订单 送一个礼袋 需多个 拍双支装 见详情页,满2件送任意1件赠品（赠完即止）,313,2018/2/27,郎酒
557098242136 ,古井特曲50度500ml*6浓香白酒古井贡酒股份平价酒,69,222,,满2件送任意1件赠品（赠完即止）,291,2018/2/27,古井贡酒
540786164104 ,洋河大曲新天蓝42度 500ml浓香型白酒 单瓶酒厂直供,69,33,,,30,2018/2/27,洋河
540843475025 ,天佑德青海互助青稞酒加持52度清香型白酒150ml/瓶,69,2,优雅纯正 怡悦馥合 回味绵长,,5,2018/2/27,天佑德
523822760103 ,董酒三星54度500ml董香型高度贵州白酒纯粮食酒,70,73,经典升级 纯粮固态发酵 百草入曲,,876,2018/2/27,董酒
563524224932 ,红星二锅头酒白扁56度100ml*12瓶装清香型白酒小扁二,72,90,,,35,2018/2/27,红星
537385391293 ,牛栏山百年红（10）38度 单瓶装 500ml 口感浓香型单瓶 婚庆用酒,75,202,酒厂授权，品质保证；,满2件送任意1件赠品（赠完即止）,421,2018/2/27,牛栏山
35281688252 ,古井贡酒红运H150度500ml浓香型白酒纯粮食酒古井贡,75,271,单笔订单买2瓶以上送1个礼袋请分开下单,满2件7.5折送任意1件赠品（赠完即止）,207,2018/2/27,古井贡酒
521208289573 ,洋河 青瓷42度480ml 浓香型 白酒 猫超自营,76,947,年货节不支持礼袋,满69元减10元；满99元减30元,1265,2018/2/27,洋河
520567211857 ,洋河老字号 清字号42度500ml 白酒 猫超自营酒厂直供,77,49,洋河酒 幸福红,满69元减10元；满99元减30元,452,2018/2/27,洋河
525501233363 ,牛栏山 46度二锅头500mL*12整箱（绿瓶）装 清香型,78,8027,正宗牛栏山 地道北京味,,26144,2018/2/27,牛栏山
523244595189 ,劲牌 中国劲酒35度 125ml*6瓶 整箱装 低度白酒,78,1858,新老包装交替发货,,6995,2018/2/27,劲酒
528110788550 ,红星二锅头酒52度5L清香型白酒 大容量特价酒厂直供,78,732,老百姓爱喝的二锅头 满减更优惠 天猫自营,,3109,2018/2/27,红星
43166085620 ,茅台 53度茅台迎宾酒 500ml 酱香型白酒 酒厂直供,78,1624,天猫超市自营 茅台自饮酒,满2件送任意1件赠品（赠完即止）,1938,2018/2/27,茅台
562341345628 ,泸州老窖股份52度陈窖Q6浓香型白酒500mL婚宴送礼用酒,78,435,,满2件5折,69,2018/2/27,泸州老窖
563126623467 ,牛栏山56度5L桶装二锅头泡药酒+宁夏红枸杞200g组合装,78,5,,,7,2018/2/27,牛栏山
538241636383 ,贵州茅台集团循环产投 封坛1992 N30 500mL 国产白酒,79,1967,,,10620,2018/2/27,茅台
520673633190 ,五粮液股份公司 52度 东方娇子精酿级 500mL 白酒,79,1649,需要礼袋 请拍双只装,满2件5折,9118,2018/2/27,五粮液
556168614444 ,五粮液股份公司如意结纯酿52度 500mL浓香型白酒,79,141,,满2件5折,2322,2018/2/27,五粮液
555882296265 ,五粮液股份公司如意结珍酿52度 500mL浓香型白酒,79,215,,满2件5折,1491,2018/2/27,五粮液
522017306600 ,衡水老白干玉瓷52度 500ml老白干香型 国产白酒,79,582,香气清雅，绵柔醇调,满2件5折,1333,2018/2/27,衡水老白干
555753433194 ,红星二锅头酒绿瓶56度500ml*6瓶清香型白酒酒厂直供,79,512,,,1155,2018/2/27,红星
521989154452 ,五粮液股份公司富贵天下绵柔级500mL52度浓香白酒,79,211,,,950,2018/2/27,五粮液
532054585818 ,习酒红习酱195253度 500ml酱香型 白酒酒厂直供,79,112,君子之品 东方习酒 猫超自营 百城次日达,满2件送任意1件赠品（赠完即止）,739,2018/2/27,习酒
535602721163 ,汾酒 山西杏花村竹叶青酒38度金象500ml 清香型酒,79,309,竹叶青 金象露酒,,670,2018/2/27,汾酒
522017174887 ,衡水老白干锦瓷52度 500ml老白干香型国产白酒,79,374,香气清雅，绵柔醇调,满2件5折,651,2018/2/27,衡水老白干
561438412432 ,五粮液五粮醇红淡雅(升级版)50度500ml浓香型白酒酒厂直供,79,303,,满99元减20元送任意2件赠品（赠完即止）,80,2018/2/27,五粮液
532560342735 ,剑南春酒厂有限公司剑南春绵竹酒醇和 52度450mL*12,79.9,485,,,849,2018/2/27,剑南春
540455698359 ,汾酒杏花村42度红盖玻汾475ml清香 白酒酒厂直供,80,168,官方授权 天猫配送 保真快捷,满2件5折,628,2018/2/27,汾酒
531973079843 ,红星二锅头酒12年陈酿53度 500ml清香型白酒酒厂直供,82,283,老百姓爱喝的二锅头 满减更优惠 天猫自营,,366,2018/2/27,红星
560177705331 ,汾酒53度玻汾+42度玻汾475ml清香型白酒酒厂直供,82,183,官方授权 天猫配送 保真快捷,,151,2018/2/27,汾酒
521198643649 ,洋河老字号 清字号52度500ml 白酒 猫超自营优惠,82,47,年货节不支持礼袋,满69元减10元；满99元减30元,50,2018/2/27,洋河
43540030605 ,汾酒集团53度一坛香珍藏1988清香白酒单瓶装,82.8,1355,系出名门 品质保证,,1393,2018/2/27,汾酒
563330301174 ,山西汾酒杏花村竹叶青45度出口竹玻璃瓶500ml*2瓶酒厂直供,84,156,官方授权 天猫配送 保真快捷,,48,2018/2/27,汾酒
560904833726 ,牛栏山 百年红（6） 50度 双瓶装 500ml*2 口感浓香型,84,51,,,17,2018/2/27,牛栏山
560905429755 ,牛栏山 百年红（6） 35度 双瓶装 500ml*2（内含礼袋1）,84,15,,,6,2018/2/27,牛栏山
528082222060 ,红星二锅头酒60度 5L清香型白酒 特价酒厂直供,85,506,老百姓爱喝的二锅头 满减更优惠 天猫自营,,4730,2018/2/27,红星
556484468483 ,郎酒郎牌特曲T3精英版50度 500mL浓香型 白酒国产,85,86,,满2件送任意1件赠品（赠完即止）,25,2018/2/27,郎酒
522861678630 ,洋河 青瓷52度480ml 浓香型 白酒 猫超自营品质保证,86,516,年货节不支持礼袋,满69元减10元；满99元减30元,443,2018/2/27,洋河
537501705958 ,牛栏山 大二锅头 56度 500ml*12瓶 整箱 绿瓶白酒,88,6271,正宗牛栏山 地道北京味,,8155,2018/2/27,牛栏山
525495695080 ,Moutai/茅台迎宾53度茅台迎宾酒500ml 酒厂直供,88,325,2瓶送一个手提袋 拍多请分开下单,满2件送任意1件赠品（赠完即止）,4212,2018/2/27,茅台
520569385463 ,洋河 蓝瓷42度480ml 浓香型 白酒厂家直供猫超自营,88,553,年货节不支持礼袋,满69元减10元；满99元减30元,804,2018/2/27,洋河
541403633561 ,【天猫超市】Moutai/茅台迎宾43度茅台迎宾酒500ml 酒厂直供,88,117,每买2瓶 赠1个礼品袋。买多请分开下单,满2件送任意1件赠品（赠完即止）,655,2018/2/27,茅台
520279669207 ,五粮液股份公司 万事如意中国红52度浓香型白酒500ml,88,105,四川宜宾产 品质保证,满99元减50元,327,2018/2/27,五粮液
540468165101 ,45度天佑德青海互助青稞酒生态三星清香型酒厂直供,88,87,凛冽芬芳 回味绵长,,264,2018/2/27,天佑德
540627418684 ,牛栏山52度珍品陈酿20年土豪金牛1L浓香型白酒,88,113,,,232,2018/2/27,牛栏山
530248385100 ,牛栏山二锅头黄瓷嘉酿 浓香型 45度 500ml 单瓶装,88,163,正宗牛栏山 地道北京味,满99元减50元送任意1件赠品（赠完即止）,230,2018/2/27,牛栏山
533880894686 ,古井贡酒红运H3-50度500ml浓香型白酒纯粮食酒古井贡,88,53,,满2件7.5折送任意1件赠品（赠完即止）,40,2018/2/27,古井贡酒
527172525371 ,汾酒集团 杏花村 百年汾杏 精酿 475ml 白酒,89,1311,新老包装随机发货,,3024,2018/2/27,汾酒
541898645074 ,西凤 西凤名酿V28 52度 500mL 白酒浓香型国产,89,3021,新老包装随机发货,,2883,2018/2/27,西凤
522092833971 ,白云边金三星45度白酒500mL浓香型粮食酒白酒特价,89,707,湖北名酒 陈年浓香 纯粮发酵 精细制曲,满2件5折,1501,2018/2/27,白云边
539103138378 ,古井贡酒 经典50度 浓香型白酒500ml/瓶 礼盒装,89,1341,古井贡酒 浓香型白酒,满2件5折,1445,2018/2/27,古井贡酒
542569577352 ,江小白国产白酒青春版40度500ml单瓶高粱粮食酒,89,498,纯高粱酿造 入口柔和 口感纯净 回味甘甜,满189元送任意1件赠品（赠完即止）；满229元送任意1…,1208,2018/2/27,江小白
540451165023 ,贵州茅台集团循环产投 封坛1992 N29 500mL 白酒,89,227,,满2件5折,882,2018/2/27,茅台
45444305327 ,茅台集团习酒红习酱53度 500ml酱香型 小酌 白酒,89,36,君子之品 东方习酒 猫超自营 百城次日达,满2件送任意1件赠品（赠完即止）,532,2018/2/27,茅台
521930714170 ,四特东方韵系列 弘韵52度 375ml特香型白酒酒厂直供,89,103,特香典范 中国四特 猫超自营 百城次日达,,272,2018/2/27,四特
544777022181 ,贵州茅台集团52度茅乡窖龄红500ml浓香型 国产白酒,89,73,,满2件5折,203,2018/2/27,茅台
522076239142 ,白云边九年陈酿白云边酒42度浓酱兼香型白酒500mL,89,4,湖北名酒 纯粮发酵 精细制曲 品牌名酒,,153,2018/2/27,白云边
19164838560 ,四特锦瓷系列锦瓷三星52度 460ml特香白酒酒厂直供,89,47,特香典范 中国四特 猫超自营 百城次日达,满199元减40元送任意1件赠品（赠完即止）；满299元减…,116,2018/2/27,四特
538672829548 ,泸州老窖52度八年陈头曲酒祥品500ml浓香型白酒,89,31,,满2件送任意1件赠品（赠完即止）,76,2018/2/27,泸州老窖
562844194861 ,红星二锅头酒绿瓶大二56度500ml*2+43度绵柔8陈酿 750ml*2,89,30,,,16,2018/2/27,红星
562179693313 ,牛栏山56度5L桶装二锅头泡药酒+宁夏红枸杞500g组合装,89.9,29,桶装泡药酒与枸杞完美组合,,20,2018/2/27,牛栏山
555170720297 ,牛栏山 百年红（10） 52度 单瓶装 500ml 口感浓香型,90,62,,满2件送任意1件赠品（赠完即止）,43,2018/2/27,牛栏山
560812096828 ,牛栏山 珍品（15） 45度 双瓶装 400ml*2 口感清香型,90,86,正宗牛栏山地道北京味,,39,2018/2/27,牛栏山
521708393406 ,古井贡酒30年窖龄50度500ml浓香型白酒纯粮酒古井贡,95,165,需要礼品袋 请拍双瓶装 双瓶装链接 见详情页,满99元减10元送任意1件赠品（赠完即止）；满499元减5…,82,2018/2/27,古井贡酒
535688210070 ,五粮液股份公司大成唐窖珍酿3D装52度500ml白酒浓香,96,684,,满2件5折,11371,2018/2/27,五粮液
541968934602 ,西凤 西凤名酿久藏级 52度 500mL 浓香型 国产白酒,96,814,,,2761,2018/2/27,西凤
540284301636 ,古井贡酒逍遥50度500ml浓香型白酒纯粮食酒古井贡,96,136,古井贡酒 天猫自营 百城次日达,满2件7.5折送任意1件赠品（赠完即止）,125,2018/2/27,古井贡酒
525967673633 ,牛栏山二锅头百年陈酿（三牛）36度400ml 单瓶装,97,755,正宗牛栏山 地道北京味,,1267,2018/2/27,牛栏山
561041539158 ,牛栏山 百年红（8） 38度 双瓶装 500ml*2 口感浓香型,97.6,56,,,27,2018/2/27,牛栏山
538174274033 ,稻花香珍品二号52度500ml单瓶装浓香型白酒 高度送礼粮食酒,98,288,天猫超市自营 正品保证 百城次日达,满2件5折,269,2018/2/27,稻花香
522862301561 ,洋河 蓝瓷52度480ml 浓香型 白酒 猫超自营酒厂直供,98,300,年货节不支持礼袋,满69元减10元；满99元减30元,225,2018/2/27,洋河
554776433054 ,郎酒 三溪郎 A5 浓香型 高度 白酒52度500ml,98,12,2瓶送1个礼袋 2瓶及以上请拍双支装,,178,2018/2/27,郎酒
538926498510 ,安达情闷倒驴45度白大闷500ml*12清香型白酒整箱装,98,14,纯粮高度酒 好喝不上头,,140,2018/2/27,安达情
557602050808 ,郎酒三溪郎A5-52度500ml*2套装 猫超自营 酒厂直供,98,9,,,24,2018/2/27,郎酒
525501029608 ,牛栏山二锅头百年陈酿（三牛）52度400ml浓香型白酒,99,5725,正宗牛栏山 地道北京味,满2件送任意1件赠品（赠完即止）,4439,2018/2/27,牛栏山
541871703710 ,洋河炫彩 50度 480mLx4瓶白酒整箱 礼盒装送礼佳选,99,721,洋河炫彩白酒,,2268,2018/2/27,洋河
540277561928 ,贵州茅台集团循环产投 封坛1992金装 500mL 白酒,99,210,,满2件5折,1394,2018/2/27,茅台
553229878604 ,劲牌劲酒公司毛铺 纯谷酒 50度 5L*1桶 整箱 白酒,99,438,10斤超值装,,1279,2018/2/27,劲酒
541691483108 ,【天猫超市】五粮液股份公司 富贵天下藏品级（红）52度 2L 白酒,99,836,,,1185,2018/2/27,五粮液
537619466565 ,剑南春52度精制剑南醇500ML浓香型送礼商务宴请,99,11,需要多个礼袋 请拍两瓶装,满2件送任意1件赠品（赠完即止）,916,2018/2/27,剑南春
523268929087 ,【天猫超市】五粮液股份公司富贵天下500ml *2 白酒（礼袋装）,99,195,内含1个 精美手提袋,,780,2018/2/27,五粮液
538242632690 ,五粮液股份公司 富贵天下绵香 52度 500mL 白酒,99,148,,满2件5折,751,2018/2/27,五粮液
521914135305 ,五粮液股份公司 富贵天下喜庆礼盒装 52度 500mLx2,99,270,礼盒装 送礼的好选择,,398,2018/2/27,五粮液
527763517077 ,剑南春酒厂有限公司 剑南春 剑南醇C8 52度500ml,99,50,需要礼袋请拍 两瓶装,满2件5折,397,2018/2/27,剑南春
541909630851 ,贵州茅台集团 茅乡封藏酒V22（黄） 52度 666mL 白酒,99,659,,满2件5折,277,2018/2/27,茅台
559830342382 ,五粮液股份尊耀绵纯级52度 500mL浓香型国产白酒,99,255,,满2件5折送任意1件赠品（赠完即止）,271,2018/2/27,五粮液
546703559208 ,金门高粱酒小白金龙300ML58度原装进口白酒2013老酒,99,205,金门酒厂直供 原装进口 口粮酒,,127,2018/2/27,金门
537747803477 ,剑南春52度剑南老窖2006浓香型 500ml商务送礼宴请,99,31,需要礼袋请拍 两瓶装,满2件送任意1件赠品（赠完即止）,124,2018/2/27,剑南春
538807824143 ,安达情闷倒驴68度马提琴228ml*6清香型白酒整箱装,99,76,纯粮高度酒 好喝不上头,,109,2018/2/27,安达情
540466701777 ,48度天佑德青海互助青稞酒生态四星清香型酒厂直供,99,19,清香型白酒 凛冽芬芳,,90,2018/2/27,天佑德
541388602933 ,【天猫超市】贵州茅台集团循环产投 封坛1992金装 500mL*2 白酒,99,42,,,66,2018/2/27,茅台
557892374268 ,天佑德青稞酒 青海互助小黑 42度清香型白酒125ml/瓶,99,55,我们没有好文案，我们只有好原料,满2件5折,18,2018/2/27,天佑德
555287119230 ,牛栏山婚庆聚会用酒喜酒浓香型42度500ml单瓶装白酒,99,4,亲民牛栏山，地道北京味儿,满2件送任意1件赠品（赠完即止）,9,2018/2/27,牛栏山
43818678368 ,剑南春银剑南A3 42度500ml浓香型国产中度白酒,99.5,5883,,满2件送任意1件赠品（赠完即止）,4089,2018/2/27,剑南春
540119080049 ,52度五粮液股份华彩人生A16浓香型国产白酒送礼聚会500ml,99.5,2744,四川宜宾产 品质保证,满2件6折,2781,2018/2/27,五粮液
520278959736 ,泸州老窖股份N9浓香型52度白酒透明桶宴会送礼酒500ml,99.5,384,系出名门 酒质保证 包装上档次,满2件7折,2690,2018/2/27,泸州老窖
545600511665 ,致中和白酒 苦荞酒42度 500ml/瓶礼盒装 低度白酒,99.5,1,精选优质原料 传统酿造工艺,满2件7.5折,247,2018/2/27,致中和
537661115078 ,【天猫超市】五粮液股份公司富贵天下佳藏52度 500mL浓香型白酒,99.9,9321,,满2件5折,19521,2018/2/27,五粮液
540396572022 ,贵州茅台集团茅坛窖龄酒52度浓香型国产白酒500ml,99.9,15006,如需礼袋请拍整箱装,满2件5折,14294,2018/2/27,茅台
538527156218 ,五粮液股份公司 富贵天下金装版 52度 500mL 白酒,99.9,4220,,,7906,2018/2/27,五粮液
533995885028 ,剑南春酒厂有限公司52度红标绵竹大曲500mL*12整箱装,99.9,1832,,,4053,2018/2/27,剑南春
527119200548 ,贵州茅台保健酒公司茅乡封藏酒帝王黄52度500mL白酒,99.9,133,,满2件5折,1254,2018/2/27,茅台
556958242346 ,汾酒集团杏花村汾牌淡雅珍品53度 475mL清香型白酒,99.9,2190,,满2件5折,656,2018/2/27,汾酒
561560862608 ,泸州老窖浓香老窖蓝耀52度500ml浓香型高度白酒,99.9,1963,新品上市，厂家直供，名酒限时购,满199元减100元,431,2018/2/27,泸州老窖
562551782052 ,贵州茅台集团白金珍品酒M20浓香型白酒宴会送礼用酒,99.9,1407,,,223,2018/2/27,茅台
539107326311 ,【天猫超市】五粮液股份公司大成唐窖珍酿3D装52度500ml*2 白酒,99.9,30,,,138,2018/2/27,五粮液
561078843072 ,五粮液股份公司一尊天下绵柔 52度 500mL 浓香型白酒,99.9,534,,,66,2018/2/27,五粮液
43720685368 ,白标西凤93版出口型52度500ml绵柔凤香型下单立减10元,100,199,山西名酒源于西凤,满99元减10元,791,2018/2/27,西凤
553260276757 ,【天猫超市】双沟青优200ml*5猫超新品小酒超值优惠酒厂直供,100,6,,,16,2018/2/27,双沟
540671861636 ,剑南春陈坛特曲52度白酒500ml *2礼袋装 拜访送礼,102,2074,,,5614,2018/2/27,剑南春
541381157303 ,五粮液股份公司 富贵天下绵纯级 500ml*2 52度 白酒,102,819,,,4775,2018/2/27,五粮液
544412244939 ,劲牌 中国劲酒 35度 680ml*2瓶低度 白酒 瓶装,104,91,超值2瓶装,,486,2018/2/27,劲酒
39369306132 ,42度洋河海之蓝375ml 蓝色经典 绵柔型白酒 猫超自营电商品,106,2010,单笔订单 送一个礼袋 需多个 拍双支装 见详情页,满2件送任意2件赠品（赠完即止）,11521,2018/2/27,洋河
525529498957 ,白云边12年陈酿42度白酒500mL兼香型粮食酒送礼婚庆,106,709,纯粮发酵 精细制曲 陈酿老酒,,655,2018/2/27,白云边
43481683440 ,汾酒集团53度一坛香五星清香型白酒聚会送礼475ml,106.8,1293,系出名门 品质保证,,1016,2018/2/27,汾酒
536909908299 ,江小白白酒清香型40度Se.100ml*6瓶整箱装高粱酒,108,14547,酒厂直营 正品保证 百城次日达,满189元送任意1件赠品（赠完即止）；满229元送任意1…,21178,2018/2/27,江小白
536909908299 ,江小白白酒清香型40度Se.100ml*6瓶整箱装高粱酒,108,14547,酒厂直营 正品保证 百城次日达,满189元送任意1件赠品（赠完即止）；满229元送任意1…,21178,2018/2/27,江小白
524596987087 ,五粮液股份公司 A级上品 52度 500ml*2 浓香型白酒,108,3179,,,10521,2018/2/27,五粮液
520379320735 ,泸州老窖六年陈/六年窖头曲 52度500ml高度白酒 浓香型,108,683,名品限时直降，天猫超市购真酒，厂家直供,满99元减40元；满199元减80元,1491,2018/2/27,泸州老窖
554776621977 ,郎小郎酒45度100mL*6瓶兼香型 中度白酒 口粮酒歪嘴郎,108,1368,,,1395,2018/2/27,郎酒
538751131587 ,天佑德青海互助青稞酒海拔2600 酒厂直供42度500ml,108,99,清雅纯正 怡悦馥合,满2件8折送任意1件赠品（赠完即止）,129,2018/2/27,天佑德
540448596766 ,稻花香珍品二号52度送礼礼盒装500ml*2浓香型白酒 附手提袋,108,57,天猫超市自营 正品保证 百城次日达,满2件9折,112,2018/2/27,稻花香
560638359907 ,劲牌劲酒公司42度 毛铺苦荞酒125mL*6 瓶 整箱国产 白酒,108,69,,,60,2018/2/27,劲酒
533832146242 ,贵州茅台集团 茅乡封藏酒V16 52度 500mL 白酒,109,702,,满199元减100元,1614,2018/2/27,茅台
525232506627 ,五粮液股份公司 尊耀上品级52度500ml 浓香型白酒,109,99,需要多个礼品袋 请拍2瓶装,满2件送任意1件赠品（赠完即止）,1570,2018/2/27,五粮液
540453458242 ,贵州茅台集团循环产投 封坛1992 N22 500mL 52度白酒,109,2255,,满2件7折,913,2018/2/27,茅台
538952476677 ,安达情闷倒驴62度白大闷500ml*12清香型白酒整箱装,109,160,纯粮高度酒 好喝不上头,,415,2018/2/27,安达情
554997416364 ,五粮液52度一尊天下500ml*2浓香型礼盒国产高度白酒,109,662,五粮液 工匠精神 五粮陈酿礼盒,满1件送任意1件赠品（赠完即止）,403,2018/2/27,五粮液
557634718488 ,汾酒杏花村53度旗帜级原浆475ml 清香型国产白酒,109,844,详情页领券满199减100,,180,2018/2/27,汾酒
560328602511 ,天佑德青海互助青稞酒45度高原白酒 清香型180ml青稞年份小酒限量,109,4,唯高原缔造 得妙品流芳,满2件5折,62,2018/2/27,天佑德
555618506371 ,【天猫超市】五粮液国产白酒一尊天下500ml*2浓香型礼盒带手提袋,109,45,五粮液 工匠精神 五粮陈酿礼盒,,36,2018/2/27,五粮液
18742845933 ,古井贡酒年份原浆献礼45度500ml浓香型白酒古井贡,110,303,天猫自营百城次日达,,938,2018/2/27,古井贡酒
18743365313 ,古井贡酒年份原浆献礼50度500ml浓香型白酒古井贡,113,282,,满199元减50元送任意1件赠品（赠完即止）；满399元减…,2906,2018/2/27,古井贡酒
526170916377 ,双沟醴泉42度 500ml浓香型 白酒 单瓶酒厂直供,113,162,过好年 喝好酒 天猫自营 百城次日达,满2件5折送任意1件赠品（赠完即止）,416,2018/2/27,双沟醴泉
546003699455 ,洋河绿敦煌大曲 42度500ml*6 白酒 猫超自营酒厂直供,114,113,,满69元减10元；满99元减30元,160,2018/2/27,洋河
522562730512 ,五粮液股份公司 原藏精品级 52度 500mL 白酒,115,2367,,,2879,2018/2/27,五粮液
555336355704 ,【天猫超市】汾酒 山西杏花村竹叶青酒38度玻竹475ml*3瓶清香型酒,115,137,汾酒竹叶青38度玻竹 清香型白酒 可冰镇,,302,2018/2/27,汾酒
561790714098 ,五粮液股份尊耀绵纯级52度 500mL*2瓶浓香型国产白酒,116,200,,,146,2018/2/27,五粮液
522076007568 ,【2件5折】白云边陈酿金四星45度白酒500mL浓香型粮食白酒特价,118,1876,湖北名酒 陈年浓香 精细制曲 纯粮发酵 品牌名酒,满2件5折,1395,2018/2/27,白云边
521061355938 ,汾酒杏花村48度乳玻汾酒475ml清香白酒酒厂直供,118,70,官方授权 天猫配送 保真快捷,满2件5折,374,2018/2/27,汾酒
21463859654 ,茅台集团习酒老习酒53度 500ml酱香型 白酒酒厂直供,118,156,君子之品 东方习酒 猫超自营 百城次日达,满2件送任意1件赠品（赠完即止）,344,2018/2/27,习酒
556013890734 ,双沟君坊41.8度500ml双沟珍宝坊浓香型白酒 详情页领券优惠,118,419,,满2件送任意1件赠品（赠完即止）,306,2018/2/27,双沟君坊
545138274544 ,陕西白水杜康 N99 52度 500mL 浓香型 国产白酒,118,285,,满2件5折,157,2018/2/27,白水杜康
44692970396 ,茅台集团习酒双喜53度520ml酱香型白酒婚宴酒厂直供,118,32,拍2瓶赠1礼袋 赠完为止 多个请分开下单,满2件送任意1件赠品（赠完即止）,89,2018/2/27,习酒
557496784976 ,牛栏山净爽53度 整箱装 265ml*20瓶 口感清香型白酒,118,60,,,64,2018/2/27,牛栏山
556435300626 ,珍酒老珍酒53度500ml酱香型白酒酒厂直供保正品,118,19,,满2件送任意2件赠品（赠完即止）,41,2018/2/27,珍酒
554772605197 ,郎酒 三溪郎 老坛酒A7浓香型 高度 白酒 52度 500ml,118,9,2瓶送1个礼袋，2瓶及以上请拍双支装,,38,2018/2/27,郎酒
546625928720 ,五粮液股份52度尊耀上品级500mL*2礼袋装浓香型白酒,118,21,2瓶礼袋装,,19,2018/2/27,五粮液
560907093704 ,牛栏山 百年红（8） 52度 双瓶装 500ml*2 口感浓香型,118,34,,,13,2018/2/27,牛栏山
43454154715 ,五粮液股份公司 富贵天下 52度 500mL 浓香型白酒,119,844,需要礼袋 请拍双只装,满2件5折,2226,2018/2/27,五粮液
523243517565 ,【天猫超市】贵州茅台技开公司百年盛世珍品52度2瓶装浓香型白酒,119,59,内含1个礼袋,,1091,2018/2/27,茅台
557336677070 ,五粮液股份公司如意结珍酿52度 500mL*2浓香型白酒,119,1063,,,902,2018/2/27,五粮液
557451047055 ,五粮液股份公司如意结纯酿52度 500mL*2浓香型白酒,119,2389,,,861,2018/2/27,五粮液
551901847550 ,古井礼品酒50度500ml*6浓香白酒整箱古井贡酒股份,119,326,,,674,2018/2/27,古井贡酒
523268785281 ,五粮液股份公司 尊耀精品级 52度 500ml 国产白酒,119,350,需要多个 礼品袋 请拍2瓶装,满2件送任意1件赠品（赠完即止）,549,2018/2/27,五粮液
520673509354 ,贵州茅台技开公司百年盛世珍品52度500mL浓香型 白酒,119,74,需礼袋 请拍双只装,满2件5折,517,2018/2/27,茅台
557756264233 ,天佑德小黑 青稞酒42度白酒礼盒125ml*4酒厂直供,119,665,酒质好，醒酒快，年轻人更喜欢,满1件送任意1件赠品（赠完即止）,460,2018/2/27,天佑德
557507268296 ,牛栏山二锅头净爽 43度 整箱装 265ml*20瓶 口感清香型白酒,119,70,,,116,2018/2/27,牛栏山
551012442456 ,茅台集团习酒习酱蓝53度500ml酱香型传统古法酿制酒厂直供,119,80,,满2件送任意1件赠品（赠完即止）,69,2018/2/27,习酒
546625772803 ,五粮液股份52度尊耀精品级500mL*2礼袋装浓香型白酒,119,54,2瓶礼袋装,,62,2018/2/27,洋河
540468526380 ,52度天佑德青稞酒生态五星高度白酒清香型酒厂直供,120,323,凛冽芬芳 回味绵长,,446,2018/2/27,天佑德
537381723950 ,牛栏山 百年红（12） 39度 单瓶装 500ml 口感浓香型,124.9,44,正宗牛栏山地道北京味,满2件送任意1件赠品（赠完即止）,76,2018/2/27,牛栏山
521059516365 ,小糊涂仙酒普仙38度500ml浓香型白酒酒厂直供,125,472,古色古香，浓醇丝韵，古法传承,满2件送任意2件赠品（赠完即止）,329,2018/2/27,小糊涂仙
43155692035 ,贵州茅台53度王子酒酱香型白酒礼盒宴会送礼酒500ml,128,1438,茅台王子酒 天猫超市直营 正品保证,,2661,2018/2/27,茅台
549115808301 ,牛栏山42度塑桶二锅头2L*6清香型整箱装特价大牛桶,128,993,,,1876,2018/2/27,牛栏山
536815817226 ,【天猫超市】小糊涂仙 酱香型白酒 52度500ml 猫超自营 品质保证,128,136,,满2件送任意2件赠品（赠完即止）,354,2018/2/27,小糊涂仙
538752259760 ,天佑德青稞酒海拔2800酒厂直供46度500ml酒厂直供,128,61,凛冽芬芳 口感醇厚 回味绵长,,161,2018/2/27,天佑德
26474144590 ,四特锦瓷系列锦瓷四星52度 460ml特香型白酒酒厂直供,128,41,特香典范 中国四特 猫超自营 百城次日达,,131,2018/2/27,四特
520376014490 ,52度泸州老窖股份浓香源A6白酒整箱促销粮食酒,129,524,系出名门 高性价比 口粮酒之选,,7166,2018/2/27,泸州老窖
540670672770 ,贵州茅台集团52度茅乡典藏珍藏级浓香型白酒送礼宴会酒500ml,129,3670,茅台集团出品 品质保证 包装上档次,,4830,2018/2/27,茅台
554149816345 ,江小白白酒清香型40度JOYYOUTH150ml*6瓶整箱高粱酒,129,4780,官方正品 酒厂直营 口感纯净 回味甘甜,满189元送任意1件赠品（赠完即止）；满229元送任意1…,3402,2018/2/27,江小白
539746721726 ,52度泸州老窖双喜酒k6浓香型婚庆白酒整箱清仓特惠,129,55,泸州老窖出品,,2018,2018/2/27,泸州老窖
540336946027 ,52度五粮液股份华彩人生A30浓香型国产白酒婚宴送礼酒500ml,129,1624,四川宜宾产 品质保证,,1501,2018/2/27,五粮液
536834494769 ,江小白国产白酒条形装清香型45度 125ml*4瓶礼盒装,129,1031,单纯高粱酿造 口感纯净 特色语录,满99元减50元,1281,2018/2/27,江小白
540125562302 ,五粮液股份52度华彩人生金装版浓香型国产白酒500ml,129,201,四川宜宾产 品质保证 包装上档次,满2件7折,1216,2018/2/27,五粮液
542230053428 ,【天猫超市】五粮液股份公司 原藏佳酿 52度 500mL 白酒浓香型,129,671,,满2件5折,836,2018/2/27,五粮液
560972608004 ,贵州茅台集团52度白金鉴赏级1995浓香型白酒送礼宴会酒500ml,129,1820,,,522,2018/2/27,茅台
555610339681 ,迎驾贡酒迎驾银星42度450mL浓香型白酒酒厂直供,129,1344,需要礼品袋 请拍两瓶礼袋装链接,满2件送任意2件赠品（赠完即止）,296,2018/2/27,迎驾贡酒
561488225963 ,52度五粮液股份1918精酿浓香型国产白酒500ml婚宴送礼用酒,129,1045,,满2件5折,87,2018/2/27,五粮液
546696283499 ,五粮液股份52度尊耀典藏级500ml*2礼袋装浓香型白酒,129,47,2瓶装更实惠,,22,2018/2/27,五粮液
541370344554 ,五粮液股份公司富贵天下佳藏52度 500mL*2浓香型白酒,129.6,2176,,,2156,2018/2/27,五粮液
537539840308 ,牛栏山珍品20年52度450ml*2两瓶套装（内含礼袋1）,130,43,两瓶带礼袋 送礼更有面,,106,2018/2/27,牛栏山
556669015968 ,郎酒郎牌特曲T6精英版50度 500mL浓香型国产白酒,130,70,,满2件送任意1件赠品（赠完即止）,29,2018/2/27,郎酒
535602497909 ,【天猫超市】五粮液股份公司 尊耀典藏级 52度 500ml 浓香型白酒,130.8,85,,满2件5折送任意1件赠品（赠完即止）,5066,2018/2/27,五粮液
43420496975 ,剑南春金剑南K6 浓香型白酒52度500ml酒厂直供,133,586,需要礼品袋请拍2瓶套装链接,满2件送任意1件赠品（赠完即止）,2076,2018/2/27,剑南春
543622234115 ,五粮液股份尖庄酒 50度475ml*12整箱浓香型国产白酒,135,567,酒味醇厚甘美，喷香浓郁,,1824,2018/2/27,五粮液
43190535731 ,汾酒杏花村53度老白汾酒清香型白酒475ml酒厂直供,135,235,官方授权 天猫配送 保真快捷,满2件送任意1件赠品（赠完即止）,437,2018/2/27,汾酒
556007921732 ,牛栏山38度塑桶二锅头2L*6浓香型整箱装特价大牛桶,135,113,,,264,2018/2/27,牛栏山
525661235574 ,衡水老白干珍品12酒52度500ml老白干香型白酒酒厂直供,135,184,衡水老白干 喝出男人味,满199元减50元送任意2件赠品（赠完即止）,202,2018/2/27,衡水老白干
18727806291 ,42度洋河海之蓝480ml 蓝色经典绵柔型白酒 猫超自营,136,2676,不参与天猫超市任何优惠券活动,满2件送任意2件赠品（赠完即止）,7874,2018/2/27,洋河
523782427329 ,五粮液股份公司 五星A级上品 52度 500ml 浓香型白酒,138,11535,需要多个 礼品袋 请拍2瓶装,满2件5折送任意1件赠品（赠完即止）,20506,2018/2/27,五粮液
525661419378 ,小糊涂仙酒商超版52度500ml浓香型白酒酒厂直供,138,513,商超经典款 天猫自营,满2件送任意2件赠品（赠完即止）,2733,2018/2/27,小糊涂仙
522001692765 ,郎酒 郎牌特曲T3-42度500mlx2瓶 浓香型中度白酒,138,1023,内含1个礼袋,,776,2018/2/27,郎酒
521981639820 ,郎酒 郎牌特曲T3-50度500mlx2瓶 浓香型 高度白酒,138,79,内含1个礼袋,,629,2018/2/27,郎酒
537771459014 ,金门高粱酒53度（黄金龙）500ML台湾原装清香白酒,138,335,每笔订单 送一个提袋 需每瓶配提袋 拍提袋套装,,459,2018/2/27,金门
540343424044 ,汾酒杏花村53度汾酒475ml清香型白酒单瓶酒厂直供,138,198,官方授权 天猫配送 保真快捷,满100元减10元；满200元减20元送任意1件赠品（赠完…,370,2018/2/27,汾酒
522093397067 ,白云边陈酿金五星42度浓香型白酒500mL陈年老酒送礼,138,25,湖北名酒 浓酱兼香 纯粮发酵 精细制曲 品牌名酒,,342,2018/2/27,白云边
560610057266 ,双沟大曲 小青花 42度480ml浓香型白酒酒厂直供,138,41,拍2瓶赠1礼袋赠完为止，部分区域暂无,满2件5折送任意1件赠品（赠完即止）,14,2018/2/27,双沟
43250741723 ,红星二锅头酒大二绿瓶56度 500ml*12白酒酒厂直供,139,4568,红星实惠口粮酒,,21046,2018/2/27,红星
521991760873 ,五粮液股份公司 富贵天下陈酿级 52度 500mLX2 白酒,139,567,,,2826,2018/2/27,五粮液
524752722254 ,致中和果酒 青梅酒10度白酒200mlx6瓶整箱聚会女生,139,141,致中和,满188元减100元,2686,2018/2/27,致中和
537655721620 ,剑南春剑南贡52度浓香型白酒500ml送礼商务宴请,139,53,需要酒袋请拍2瓶礼袋装！,满2件5折,558,2018/2/27,剑南春
541390173165 ,剑南春银剑南A3 42度浓香型白酒500ml*2 礼袋装,139,324,,满1件送任意1件赠品（赠完即止）,249,2018/2/27,剑南春
555165307237 ,【天猫超市】五粮液52度华表精品500ml四川名酒浓香型国产白酒,139,269,五粮液 佳缘天长地久 华表美酒弥香,满2件5折送任意1件赠品（赠完即止）,109,2018/2/27,五粮液
560794796068 ,红星二锅头酒小扁二100mL*24瓶清香型白酒整箱装,139,187,,,101,2018/2/27,红星
560179281761 ,五粮液股份公司如意结铂金版52度 500mL浓香型白酒,139,191,,满2件5折,33,2018/2/27,五粮液
542803297884 ,茅台集团习酒红习酱195253度500ml*2礼袋装白酒,142.9,265,两瓶含礼袋 送礼更有面儿,,522,2018/2/27,习酒
555677820514 ,洋河蓝色经典海之蓝口感绵柔46度480ml商超版浓香型,143,302,,,207,2018/2/27,洋河
555759717065 ,洋河蓝色经典海之蓝口感绵柔38度480ml浓香型 白酒,143,176,,,86,2018/2/27,洋河
551911311417 ,劲牌 中国劲酒35度 125ml*6*2盒 两盒装 低度白酒,144.01,2572,新老包装，随机发货,,2083,2018/2/27,劲酒
521079381033 ,汾酒杏花村45度老白汾酒清香型白酒475ml酒厂直供,145,24,官方授权 天猫配送 保真快捷,满100元减10元,150,2018/2/27,汾酒
525462635322 ,牛栏山二锅头净爽型53度500mL*12整箱装清香型白酒,148,367,正宗牛栏山 地道北京味 整箱特惠,,2783,2018/2/27,牛栏山
537929724480 ,金门高粱酒白金龙58度500ML台湾原装进口清香白酒,148,1341,酒厂直供 原装进口粮食酒 每瓶配提袋,,1727,2018/2/27,金门
530972785338 ,牛栏山二锅头白酒净爽型43度500ml*12 整箱装 清香型,148,170,正宗牛栏山 地道北京味,,1627,2018/2/27,牛栏山
541953561414 ,贵州茅台集团循环产投封坛1992 N50熊猫酒500mL 白酒,148,427,,,1591,2018/2/27,茅台
530230770038 ,牛栏山 二锅头白酒46度100ml*40 小绿瓶 小扁二 清香,148,222,正宗牛栏山 地道北京味,,700,2018/2/27,牛栏山
531187717038 ,牛栏山二锅头陈酿白酒38度125ml*24 小扁二 整箱装,148,85,正宗牛栏山 地道北京味,,304,2018/2/27,牛栏山
538753471936 ,天佑德青海互助青稞酒海拔3000酒厂直供43度500ml,148,24,凛冽芬芳 口感醇厚 回味绵长,满2件8折送任意1件赠品（赠完即止）,160,2018/2/27,天佑德
551260514115 ,八八坑道淡丽42度高粱酒600ML马祖 台湾原装进口清香白酒,148,236,酒厂直供 原装进口 口粮酒,满2件送任意1件赠品（赠完即止）,130,2018/2/27,八八坑
535569138970 ,52度五粮液股份 52度A级金装版 500ml浓香型国产白酒,149,7196,2件送1件礼袋，多个礼袋分开下单赠完即止,满2件5折送任意1件赠品（赠完即止）,15559,2018/2/27,五粮液
556006865812 ,牛栏山56度塑桶二锅头2L*6清香型整箱装特价大牛桶,149,286,,,514,2018/2/27,牛栏山
538890010150 ,五粮液股份A级金装版52度500ml*2瓶礼袋浓香型白酒,149,195,2瓶礼袋装,,436,2018/2/27,五粮液
561102072804 ,42度洋河海之蓝 520ml 绵柔型 猫超自营 酒厂直供 正品保证,149,1109,单笔订单 送一个礼袋 需多礼袋分开下单,满2件送任意1件赠品（赠完即止）,355,2018/2/27,洋河
540616846907 ,泸州老窖八年窖头曲酒52度浓香型白酒 500ml婚礼宴请,149,271,,满2件7.5折送任意1件赠品（赠完即止）,248,2018/2/27,泸州老窖
563468884455 ,迎驾贡酒迎驾银星42度450mL*2瓶浓香型白酒酒厂直供,149,251,,满1件送任意1件赠品（赠完即止）,81,2018/2/27,迎驾贡酒
553403604304 ,迎驾贡酒迎驾金星42度450mL浓香型白酒酒厂直供,149,323,需要礼品袋请拍2瓶套装链接,满2件送任意2件赠品（赠完即止）,61,2018/2/27,迎驾贡酒
559738104548 ,洋河大曲 新天蓝礼盒装 42度500ml*2浓香型白酒双瓶,149,150,,,46,2018/2/27,洋河
520538711540 ,古井贡酒岁月经典5年陈酿45度700ml浓香型白酒,149,37,,,44,2018/2/27,古井贡酒
560812328132 ,牛栏山38度百年红（10）双瓶装 500ml*2口感浓香型白酒,150,28,,,11,2018/2/27,牛栏山
561041211216 ,牛栏山百年红（10）38度 双瓶装 500ml*2 口感浓香型,150,11,,,7,2018/2/27,牛栏山
532562847930 ,洋河琼浆 42度 500ml 白酒 猫超自营厂家直供优惠,153.6,18,单笔订单买2瓶以上送1个礼袋请分开下单,满69元减10元；满99元减30元,32,2018/2/27,洋河
18602273441 ,52度洋河海之蓝480ml 绵柔型白酒 猫超自营 酒厂直供,156,937,不参与天猫超市任何优惠券活动,满2件送任意2件赠品（赠完即止）,7311,2018/2/27,洋河
521688001681 ,古井贡酒60年窖龄50度500ml浓香型白酒纯粮酒古井贡,156,138,需要礼品袋 请拍双瓶装 双瓶装链接 见详情页,满199元减50元送任意1件赠品（赠完即止）,255,2018/2/27,古井贡酒
560511552338 ,洋河大曲老天蓝42度500ml*4瓶浓香型白酒口感绵柔,156,141,,,151,2018/2/27,洋河
525945710193 ,四特酒莲四系列45度 500ml *12瓶整箱装特香白酒江西名酒酒厂直供,158,267,特香典范 中国四特 猫超自营 百城次日达,,1348,2018/2/27,四特
531217016152 ,牛栏山 特制（8） 45度 整箱装 700ml*6瓶 口感清香型,158,174,正宗牛栏山 地道北京味,,963,2018/2/27,牛栏山
19160626728 ,茅台集团习酒银质53度 500ml酱香型 白酒 单瓶装,158,329,君子之品 东方习酒 猫超自营 百城次日达,满2件送任意1件赠品（赠完即止）,707,2018/2/27,茅台
19174641143 ,古井贡酒年份原浆古5-45度500ml浓香型白酒古井贡,158,95,天猫自营百城次日达,满199元减50元送任意1件赠品（赠完即止）；满499元减…,420,2018/2/27,古井贡酒
531217616008 ,牛栏山二锅头陈酿白酒52度125ml*24 小扁二 整箱装,158,90,正宗牛栏山 地道北京味,,280,2018/2/27,牛栏山
546699463018 ,金门高粱酒－精选46度600ML原装进口清香白酒中度酒,158,65,金门酒厂直供 原装进口,满300元减30元送任意1件赠品（赠完即止）,26,2018/2/27,金门
550398046822 ,金门高粱酒－精选46度600ML一瓶（含提袋)清香白酒,158,31,金门酒厂直供 原装进口 口粮酒,满300元减30元,19,2018/2/27,金门
563020420941 ,白云边金四星浓香型生态原浆白酒42度500mL婚庆喜宴送礼酒厂直供,158,28,包装升级 口味升级 酒厂直供品质保证,,3,2018/2/27,白云边
538155879255 ,五粮液股份A级精品52度 500ml*6整箱装浓香型白酒,159,9169,口感细腻，酒体丰厚,,15805,2018/2/27,五粮液
529731210088 ,五粮液股份公司 富贵天下绵纯级 500ml*6 52度 白酒,159,2603,五粮液出品 内含3个礼袋,,6667,2018/2/27,五粮液
525966188468 ,四特酒莲四系列52度500ml*12瓶整箱装特香型白酒江西名酒酒厂直供,159,544,特香典范 中国四特 猫超自营 百城次日达,,1632,2018/2/27,四特
530275380035 ,牛栏山二锅头白酒52度100ml*40 白瓶小扁二 整箱装,159,326,正宗牛栏山 地道北京味,,745,2018/2/27,牛栏山
538721274448 ,【天猫超市】郎酒 吉祥嘉宾郎 50度 500mL*6 浓香型 白酒 自营,159,47,,满318元减40元；满636元减80元,687,2018/2/27,郎酒
535628888531 ,红星二锅头酒5年陈酿39度500ml*12整箱白酒酒厂直供,159,42,老百姓爱喝的二锅头新老包装更换中,,275,2018/2/27,红星
560467861621 ,洋河大曲新天蓝礼盒52度500ml*2瓶浓香型白酒送礼,159,192,,,179,2018/2/27,洋河
562923955885 ,红星二锅头酒52度5l*2桶 大桶装20斤装 泡酒,159,152,,,63,2018/2/27,红星
540341498741 ,天佑德青海互助青稞酒42度加持清香型 白酒500ml/瓶,159,33,清香型白酒 凛冽芬芳,满99元减10元,61,2018/2/27,天佑德
564985347187 ,五粮液股份公司 富贵天下绵纯级 500ml*6 52度 白酒 组合套装,159,131,,,21,2018/2/27,五粮液
561985481772 ,五粮液股份公司如意结藏品52度 2000mL浓香型 国产白酒,159,37,,,10,2018/2/27,五粮液
563968498890 ,泸州老窖世家喜庆装52度500ml*6整箱装高度白酒,159,16,,,3,2018/2/27,泸州老窖
550955603037 ,五粮液股份公司尖庄酒 50度1.35L*6 整箱装 国产白酒,159.01,381,酒味醇厚甘美，喷香浓郁,,1104,2018/2/27,五粮液
554823933319 ,Moutai/茅台迎宾酒53度500mL*2酱香型白酒酒厂直供,162,102,天猫超市自营 百城次日达 品质保证,,297,2018/2/27,茅台
522093005813 ,白云边15年十五年陈酿42度浓酱兼香型白酒500mL,166,553,白云边明星产品 纯粮发酵,,391,2018/2/27,白云边
43266652218 ,42度牛栏山二锅头陈酿500ml*12支 整箱装 白牛二,168,4218,正宗牛栏山 地道北京味 整箱正品,,20908,2018/2/27,牛栏山
520631191304 ,小糊涂仙酒普仙52度500ml浓香型白酒酒厂直供,168,1835,古色古香，浓醇丝韵，古法传承,满199元减60元送任意2件赠品（赠完即止）,1323,2018/2/27,小糊涂仙
19756078444 ,古井贡酒年份原浆古5-50度500ml浓香型白酒古井贡,168,171,,满199元减50元送任意1件赠品（赠完即止）；满499元减…,950,2018/2/27,古井贡酒
554861946512 ,【天猫超市】Moutai/茅台迎宾酒53度500mL*2瓶白酒高度酒厂直供,168,81,天猫超市自营 百城次日达 品质保证,,430,2018/2/27,茅台
539735727641 ,剑南春剑南贡52度浓香型白酒500ml*2礼袋装商务宴请,168,27,,满1件送任意1件赠品（赠完即止）,102,2018/2/27,剑南春
540562219908 ,天佑德青海互助青稞酒46度海拔3200酒厂直供500ml/瓶,168,17,清香型白酒 凛冽芬芳 回味绵长,,35,2018/2/27,天佑德
557062820306 ,天佑德青稞酒生态五星+加持150ml组合套装送起泡酒,168,2,超值组合套装 送起泡酒一瓶,,6,2018/2/27,天佑德
557097822281 ,泸州老窖龙香醇 珍藏 42度450mL*12浓香型白酒 光瓶,169,1706,,,2000,2018/2/27,泸州老窖
530176795237 ,牛栏山出口美国二锅头56度750ml*6整箱装清香型,169,751,正宗牛栏山 地道北京味,,1993,2018/2/27,牛栏山
536716897142 ,董酒54度500ml畅享版纯粮固态酿造高度白酒酒厂直供,169,54,买两瓶送酒袋 百草入曲 产品包装升级 随机发货,满2件送任意1件赠品（赠完即止）,1128,2018/2/27,董酒
524826632201 ,剑南春陈坛特曲52度白酒500ml*6整箱装拜访送礼,169,487,,满1件送任意1件赠品（赠完即止）,1027,2018/2/27,剑南春
530274412675 ,牛栏山二锅头珍品（30） 46度500ml 口感清香型 白酒 青龙,169,190,单笔订单 送一个礼袋如需多礼袋请拍套装,,233,2018/2/27,牛栏山
561333119812 ,洋河海之蓝52度520ml白酒猫超自营酒厂直供正品保证,169,809,单笔订单 送一个礼袋 需多礼袋分开下单,满2件送任意1件赠品（赠完即止）,210,2018/2/27,洋河
561595146121 ,五粮液五粮醇盛世经典50度500ml浓香型白酒厂家直供,169,14,浓香型白酒,满99元减20元；满199元减50元送任意2件赠品（赠完即…,3,2018/2/27,五粮液
563031590712 ,牛栏山43度牛角尖500ml瓶浓香型单瓶装 白酒,169,30,,,3,2018/2/27,牛栏山
542543760623 ,江小白清香型白酒45度125ml*8瓶整箱装粮食酒小酒,169.01,637,纯高粱酿造 入口柔和 回味甘甜 特色语录,,1521,2018/2/27,江小白
562980249060 ,牛栏山52度陈酿500ml*12浓香型+48g哈哥兔肉干（麻辣味）组合装,173,7,,,9,2018/2/27,牛栏山
546004255180 ,洋河 蓝优42度480ml*6 白酒白酒酒厂直供猫超自营,174,149,,,478,2018/2/27,洋河
560577406338 ,劲牌劲酒公司毛铺 纯谷酒 500mL*12瓶 整箱装高度 白酒,175,51,,,56,2018/2/27,劲酒
537386099959 ,牛栏山黄瓷嘉酿45度500ml*2两瓶套装（内含礼袋1）,176,37,正宗牛栏山 地道北京味,,197,2018/2/27,牛栏山
558844489324 ,45度天佑德青稞酒青海互助生态三星 酒厂直供500ml*2,176,214,天然青稞酿造,,154,2018/2/27,天佑德
42698030934 ,洋河 邃之蓝42度500ml蓝色经典白酒酒厂直供优惠,178,1663,需要礼袋 请拍双支装,满2件5折,2558,2018/2/27,洋河
544378964745 ,红星二锅头酒60度 5L*2清香型白酒 特价酒厂直供,178,182,老百姓爱喝的二锅头 天猫自营 百城次日达,,851,2018/2/27,红星
19224797542 ,四特东方韵系列 弘韵52度 500ml特香型 白酒酒厂直供,178,634,特香典范 中国四特 猫超自营 百城次日达,满299元减80元送任意1件赠品（赠完即止）,830,2018/2/27,四特
558476270814 ,劲牌劲酒公司50度 毛铺纯谷酒5L*2箱 整箱 白酒,178,162,超值2桶装,,191,2018/2/27,劲酒
557369888678 ,习酒茅台集团酱香红习酱53度500ml*2双提装含礼袋,178,67,,,144,2018/2/27,习酒
557508031362 ,四特锦瓷三星52度460ml*2双瓶装特香型白酒含礼袋,178,17,,,103,2018/2/27,四特
560853545281 ,双沟莜清莜养型荞麦酒 40.8度 500ml 浓香型白酒,178,91,手提袋暂无，介意者慎拍,满2件5折,14,2018/2/27,双沟
527105005600 ,【天猫超市】贵州茅台保健酒公司茅乡封藏酒V10白酒6瓶装浓香型,179,187,内含3个 精美手提袋,,615,2018/2/27,茅台
562434433873 ,江小白白酒40度国产高粱酒狗年纪念版500ml礼盒套装,179,367,狗年纪念版礼盒套装 酒厂直营,满1件送任意2件赠品（赠完即止）,108,2018/2/27,江小白
560045280725 ,泸州老窖国窖1573经典装52度小酒50ml*2瓶浓香型白酒,179,342,新品上市，新年贺新,,83,2018/2/27,泸州老窖
522064725206 ,古井贡酒年份原浆献礼50度500ml*2浓香型白酒古井贡,180,5166,天猫自营百城次日达,满99元减10元；满199元减20元,9641,2018/2/27,古井贡酒
522047687530 ,古井贡酒年份原浆献礼45度500ml*2浓香型白酒古井贡,180,763,天猫自营 百城次日达,满299元减20元；满490元减29元,1311,2018/2/27,古井贡酒
562280228586 ,珍酒珍品酒中珍品53度500ml酱香型白酒酒厂直供,180,223,8年基酒勾制，买了又买的酱酒,满1件3.5折；满2件3.3折送任意1件赠品（赠完即止）,28,2018/2/27,珍酒
530275132249 ,北京牛栏山二锅头陈酿52度500ml*12整箱装 浓香型,185,3509,正宗牛栏山 地道北京味,,8009,2018/2/27,牛栏山
43268884382 ,【天猫超市】泸州老窖 老窖名酿 N8升级版 52度500mLx6瓶 白酒,186,318,内含3个礼袋,,1571,2018/2/27,泸州老窖
535886114523 ,泸州老窖 泸州原浆蓝色8 52度500mL*6白酒浓香型,188,2671,,,3732,2018/2/27,泸州老窖
538400066109 ,白云边金三星45度浓香型粮食酒500mL*2白酒送礼袋,188,63,星级白云边 干杯不上头 品牌名酒,满178元减100元,907,2018/2/27,白云边
530230358673 ,牛栏山二锅头53度珍品30（青龙）500ml口感清香型单瓶装,188,498,单笔订单 送一个礼袋 如需多个 请拍套装,,569,2018/2/27,牛栏山
539733628356 ,剑南春52度精制剑南醇 浓香型500ML*2礼袋装商务送礼,188,25,,满2件5折,351,2018/2/27,剑南春
558181279628 ,江小白白酒100ml*6瓶整箱+青春版500ml单瓶组合装,188,167,酒厂直营 正品保证 百城次日达,,182,2018/2/27,江小白
540498863669 ,茅台集团习酒印象遵义52度500ml浓香型白酒酒厂直供,188,36,买两瓶送一个礼袋赠完为止，多买请分开下单,满2件5折送任意1件赠品（赠完即止）,177,2018/2/27,习酒
536815493671 ,【天猫超市】小糊涂仙 洞藏（精品级）浓香型白酒 52度 500ml,188,16,,满188元减20元；满288元减40元送任意2件赠品（赠完…,108,2018/2/27,小糊涂仙
556565361198 ,五粮液股份尖庄精制52度475ml*6 整箱装 国产白酒,188,53,四川宜宾产,,107,2018/2/27,五粮液
561439168183 ,古井贡酒年份原浆幸福版50度500ml浓香型白酒单瓶装,188,50,大国浓香年份原浆 2瓶立减100元,满99元减50元；满199元减100元,16,2018/2/27,古井贡酒
563373593471 ,迎驾贡酒佛子岭特曲42度750ml*6大瓶整箱装浓香型白酒迎驾酒,188,51,,满1件送任意1件赠品（赠完即止）,16,2018/2/27,迎驾贡酒
522585797900 ,衡水老白干 大磨砂 42度 500ml*12 整箱装 白酒,189,40,千秋酒韵 本色醇香,,427,2018/2/27,衡水老白干
530176703230 ,牛栏山53度窖藏盛世红（30） 500ml 口感清香型白酒 礼品酒,189,55,正宗牛栏山 地道北京味 正品特惠,满2件送任意1件赠品（赠完即止）,70,2018/2/27,牛栏山
539732906405 ,剑南春52度剑南老窖2006浓香型 500ml*2礼袋装,189,41,,,58,2018/2/27,剑南春
554249412669 ,迎驾贡酒迎驾金星42度450mL*2瓶浓香型白酒酒厂直供,189,214,秉承传统酿艺 生态剐水酿造,满1件送任意1件赠品（赠完即止）,49,2018/2/27,迎驾贡酒
537539840231 ,牛栏山百年陈酿（三牛）36度400ml*2两瓶套装 礼袋装,194,218,两瓶带礼袋 送礼更有面,,229,2018/2/27,牛栏山
537539840112 ,牛栏山百年陈酿52度400ml*2两瓶套装特惠装 浓香风格,198,2070,两瓶带礼袋 送礼更有面,,1543,2018/2/27,牛栏山
537539556818 ,牛栏山 特制（10） 52度 整箱装 700ml*6瓶 口感清香型,198,998,正宗牛栏山 地道北京味,满2件7.5折,569,2018/2/27,牛栏山
537913972156 ,金门高粱酒（823）58度600ML台湾原装进口白酒清香,198,559,每笔订单 送一个提袋 需每瓶配提袋 拍提袋套装,满1件送任意1件赠品（赠完即止）,477,2018/2/27,金门
541397665119 ,剑南春剑南醇C8 浓香型白酒52度 500ml*2礼袋装,198,7,,,353,2018/2/27,剑南春
21463719686 ,茅台集团习酒金品53度 500ml酱香型白酒酒厂直供,198,289,君子之品 东方习酒 猫超自营 百城次日达,满2件送任意1件赠品（赠完即止）,303,2018/2/27,习酒
561264930638 ,洋河邃之蓝52度500ml猫超自营酒厂直供正品保证,198,1468,年货节不支持礼袋,满2件5折,130,2018/2/27,洋河
558897530505 ,48度天佑德青稞酒生态四星清香型 酒厂直供500ml*2,198,2,天然青稞酿造,,102,2018/2/27,天佑德
525912324352 ,金六福白酒老五星52度500mL浓香型礼盒五粮液出品纯粮酒,198,5,金六福经典五星，五粮液出品。百城次日达！,,100,2018/2/27,金六福
561041435978 ,牛栏山42度婚庆聚会用喜酒500ml*2浓香型双瓶装白酒,198,5,,,2,2018/2/27,牛栏山
545134004312 ,劲牌劲酒公司露酒 追风活力酒 500ml*6整箱装白酒,199,1120,500ml超值装,,17266,2018/2/27,劲酒
538228909171 ,贵州飞天不老酒53度 500ml*6整箱 酱香型 国产 白酒,199,3424,酱香突出，回味悠长,,13163,2018/2/27,飞天不老
528622616921 ,五粮液股份有限公司出品 五粮醇 新三代礼盒2瓶装,199,264,,,4215,2018/2/27,五粮液
539745275551 ,衡水老白干香醇42度500ml*6整箱老白干香型国产白酒,199,580,香醇美酒，快意人生,,3701,2018/2/27,衡水老白干
541222870391 ,劲牌劲酒公司露酒32度追风活力500ml*6 整箱白酒,199,1733,500ml超值装,满188元减100元,3451,2018/2/27,劲酒
538189166739 ,飞天不老 原浆酒52度 1.5L*2 整箱浓香型 白酒,199,1748,口感浓郁，一口醇香,,1837,2018/2/27,飞天不老
539946467466 ,【天猫超市】贵州茅台集团循环产投 封坛1992铂金版 500mL×6白酒,199,344,,,1633,2018/2/27,茅台
540122492427 ,贵州茅台集团习酒原浆窖龄酒 52度浓香型礼盒白酒500ml,199,114,原浆酒,,1549,2018/2/27,茅台
556046480312 ,五粮液股份公司如意结纯酿 52度 500mLX6浓香型白酒,199,671,,,825,2018/2/27,五粮液
538516223350 ,茅台赖茅端曲53度500ml单瓶酱香型白酒酒厂直供,199,495,赖茅不赖,满399元减158元送任意1件赠品（赠完即止）,727,2018/2/27,茅台
546477971120 ,古越龙山果酒青梅酒360ml*6瓶聚会女生自饮礼盒装,199,94,果酒 女生聚会用酒,,667,2018/2/27,古越龙山
529715532348 ,52度泸州老窖股份N6浓香型白酒整箱500ml*6 婚宴喜酒,199,142,泸州老窖出品 喜庆装,,497,2018/2/27,泸州老窖
540353359448 ,汾酒杏花村53度紫砂（仿）475ml清香白酒酒厂直供,199,614,官方授权 天猫配送 保真快捷,满2件5折送任意1件赠品（赠完即止）,377,2018/2/27,汾酒
560989931981 ,52度五粮液股份1918珍品浓香型国产白酒500ml婚宴送礼用酒,199,875,,满2件送任意1件赠品（赠完即止）,242,2018/2/27,五粮液
540489576618 ,茅台集团习酒印象贵州53度500ml酱香白酒酒厂直供,199,207,单笔订单赠一礼袋赠完为止 需多个请分开拍,满2件5折送任意1件赠品（赠完即止）,204,2018/2/27,习酒
555726950082 ,汾酒 山西杏花村竹叶青酒38度玻竹150ml*6瓶清香型酒,199,42,竹叶青玻珠 露酒 清香型 可冰镇,满199元减100元,198,2018/2/27,汾酒
547296655130 ,致中和 白酒38度枸杞酒 500ml*2瓶礼盒装 酒厂直供,199,178,,满188元减100元,140,2018/2/27,致中和
560723296036 ,汾酒杏花村42度白玉坊清香型白酒475ml*6瓶整箱装,199,87,详情页领券满199减100,,114,2018/2/27,汾酒
545586450023 ,稻花香珍品一号浓香型42度500ml中高端礼盒装宴请送礼白酒满,199,193,天猫超市自营 正品保证 百城次日达,满2件9折,89,2018/2/27,稻花香
563696618420 ,汾酒杏花村汾酒53度老白汾酒+38度竹叶青坛竹汾竹礼盒装,199,330,官方授权 天猫配送 保真快捷,,85,2018/2/27,汾酒
563433478849 ,迎驾贡酒正三品罍子酒42度500mL浓香型迎驾白酒固态酿造粮食酒,199,159,,满398元减120元送任意1件赠品（赠完即止）,78,2018/2/27,迎驾贡酒
547297463933 ,致中和 白酒22度黑枣酒 500ml*2瓶礼盒装 酒厂直供,199,29,,满188元减100元,44,2018/2/27,致中和
555331683428 ,牛栏山京味礼盒地道北京味儿42度500ml*4白酒礼盒装,199,50,酒厂授权，品质保证；,满1件送任意1件赠品（赠完即止）,37,2018/2/27,牛栏山
556758676183 ,珍酒老珍酒酱香型白酒53度500ml*2酒中珍品厂家直供,199,17,,满1件送任意1件赠品（赠完即止）,31,2018/2/27,珍酒
542611010432 ,白标西凤绵柔凤香型西凤93版出口型52度500ml*2,200,54,山西名酒源于西凤,满99元减10元,116,2018/2/27,西凤
553278324971 ,【天猫超市】双沟青优42度猫超新品小酒200ml*10新品上市酒厂直供,200,10,,,9,2018/2/27,双沟
556675993679 ,珍酒珍五酒中珍品53度500ml酱香型白酒酒厂直供,200,33,,满199元减15元；满299元减30元送任意2件赠品（赠完…,6,2018/2/27,珍酒
35284944581 ,劲牌劲酒公司追风八珍酒500ml*12整箱装 低度白酒,206,100,,,33,2018/2/27,劲牌
542582083693 ,江小白白酒清香型JOYYOUTH40度100ml*12瓶整箱高粱酒,208,940,纯高粱酿造 入口柔和 口感纯净 酒厂直供,满189元送任意1件赠品（赠完即止）；满229元送任意1…,2532,2018/2/27,江小白
555200877070 ,牛栏山亲民北京味桶装二锅头62度 5L*4桶整箱装白酒,208,289,亲民牛栏山，地道北京味儿,,827,2018/2/27,牛栏山
538851184959 ,金门高粱酒823一瓶（含提袋）58度600ML台湾原装白酒,208,382,金门酒厂直供 原装进口 热卖款 台湾伴手礼,,342,2018/2/27,金门
557406049535 ,五粮液酒厂 五粮春45度 500mL 浓香型国产 白酒,208,456,,满2件送任意1件赠品（赠完即止）,269,2018/2/27,五粮液
537983523517 ,白云边12年42度浓酱兼香型白酒 500mL*2 特价礼盒装,209,116,湖北名酒 品牌名酒 纯粮发酵 精细制曲,,444,2018/2/27,白云边
523751545295 ,红星蓝花瓷（珍品二锅头）46度500ml白酒酒厂直供,209,39,老百姓爱喝的二锅头 天猫自营 百城次日达,满2件送任意1件赠品（赠完即止）,215,2018/2/27,红星
521998554691 ,42度洋河海之蓝 375ml*2瓶 绵柔型 白酒 猫超自营 酒厂直供,212,4075,送礼双瓶装 礼好人有面,,6676,2018/2/27,洋河
539374733274 ,42度天佑德青稞酒 海拔2600清香型白酒500ml*2瓶,214.8,4,清雅纯正 怡悦馥合,满1件送任意1件赠品（赠完即止）,14,2018/2/27,天佑德
536909880348 ,江小白白酒清香型40度Se.100ml*12瓶整箱粮食高粱酒,216,3280,酒厂直营 正品保证 百城次日达,,7242,2018/2/27,江小白
559377683975 ,郎 小郎酒 45度100mL*12瓶兼香型国产白酒口粮酒 歪嘴郎,216,93,,,256,2018/2/27,郎酒
38380802514 ,泸州老窖特曲 52度 500mL浓香型 高度 白酒,218,1432,限时爆款直降，名酒甄选，品牌直供,满2件送任意2件赠品（赠完即止）,3769,2018/2/27,泸州老窖
538446757042 ,白云边陈酿金四星45度500mL*2浓香型白酒特价送礼袋,218,400,星级白云边 干杯不上头 湖北名酒,满199元减100元,2989,2018/2/27,白云边
540465642542 ,42度天佑德青稞酒青海互助10版出口型清香型酒厂直供,218,24,凛冽芬芳 回味绵长,,128,2018/2/27,天佑德
521061571484 ,汾酒杏花村42度封坛15清香型白酒475ml酒厂直供,218,27,官方授权 天猫配送 保真快捷,满200元减10元；满400元减20元送任意2件赠品（赠完…,66,2018/2/27,汾酒
563338301155 ,汾酒杏花村53度旗帜级原浆475ml*2瓶酒厂直供,218,21,官方授权 天猫配送 保真快捷,,7,2018/2/27,汾酒
534984054386 ,红星二锅头酒65度500ml*12瓶整箱装清香白酒酒厂直供,219,151,老百姓爱喝的二锅头 满减更优惠 天猫自营,,765,2018/2/27,红星
562009044072 ,古井酒50度750ml*6 浓香型白酒整箱古井贡酒股份有限公司,219,772,整箱销售 猫超自营 百城直达,,321,2018/2/27,古井贡酒
539370942752 ,43度天佑德青稞酒海拔3000清香型白酒500ml*2瓶,219,187,口感醇厚 凛冽芬芳 回味绵长,满2件8折送任意1件赠品（赠完即止）,105,2018/2/27,天佑德
555961385906 ,五粮液股份公司如意结珍酿52度 500mLX6浓香型 白酒,219,57,,,58,2018/2/27,五粮液
530274944235 ,牛栏山百年老酒38度125ml*24 浓香型 整箱装 小酒版,225,74,正宗牛栏山 地道北京味,,120,2018/2/27,牛栏山
520673505400 ,五粮液股份公司东方娇子精酿级52度500mLX6浓香 白酒,226,36,,,6230,2018/2/27,五粮液
561883550233 ,汾酒杏花村53度黄盖玻汾475ml*3瓶清香型白酒三瓶装,226,57,官方授权 天猫配送 保真快捷,满199元减100元,89,2018/2/27,汾酒
557064008365 ,52度天佑德青稞酒生态五星清香型白酒天佑德加持组合,226,2,青稞生态与加持的完美组合,,0,2018/2/27,天佑德
560411904897 ,贵州飞天不老酒春夏秋冬500mL*4瓶 整箱装 国产白酒,228,1230,,,742,2018/2/27,飞天不老
544783750187 ,稻花香丰藏52度陶坛整箱装浓香型白酒500ml*6瓶 猫超自营,228,361,天猫超市自营 正品保证 百城次日达,满2件9折,249,2018/2/27,稻花香
530367691832 ,牛栏山 百年红（6） 35度 整箱装 500ml*6瓶 口感浓香型,228,112,正宗牛栏山 地道北京味 整箱正品 箱内礼袋3支,,198,2018/2/27,牛栏山
544739820943 ,贵州茅台集团52度茅乡窖龄红500ml*6 整箱装国产白酒,228,58,,,41,2018/2/27,茅台
538694440581 ,白云边42度老通城V6浓香型白酒 500mL*2两瓶装,229,1,老通城酒 汉味经典 纯粮发酵,,24,2018/2/27,白云边
541664159513 ,汾酒杏花村53度紫砂（仿）475ml*2两瓶装酒厂直供,236,182,官方授权 天猫配送 保真快捷,,159,2018/2/27,汾酒
557502220474 ,双沟君坊41.8度500ml*2猫超自营酒厂直供正品保证,236,40,,,65,2018/2/27,双沟君坊
557505389486 ,习酒茅台集团酱香老习酒53度500ml*2瓶双提装含礼袋,236,19,,,43,2018/2/27,习酒
557502173299 ,习酒双喜酱香白酒53度520ml*2瓶双提含礼袋婚庆用酒,236,12,,,26,2018/2/27,习酒
555371026880 ,致中和 五加皮38度健康酒500ml*6瓶 低度礼盒装,238,65,,,593,2018/2/27,致中和
43113396415 ,泸州老窖窖龄30年52度500ml浓香型高度白酒 酒厂直供,238,34,名酒限时直降，甄选好货，品牌直供,满1件送任意1件赠品（赠完即止）；满2件送任意2件赠品（…,325,2018/2/27,泸州老窖
550496908097 ,牛栏山二锅头北京43度精致陈酿500ml*12白酒浓香型,238,228,正宗牛栏山 地道北京味,,228,2018/2/27,牛栏山
556732077539 ,珍酒1975酱香型白酒53度500ml*2双瓶装酒中珍品,238,35,,满1件送任意1件赠品（赠完即止）,79,2018/2/27,珍酒
540438164727 ,汾酒杏花村53度封坛15汾酒475ml清香白酒酒厂直供,238,39,官方授权 天猫配送 保真快捷,满200元减20元；满400元减40元送任意2件赠品（赠完…,48,2018/2/27,汾酒
556775995517 ,珍酒1975酒中珍品53度500ml酱香型白酒厂家直供,238,58,,满399元减246元送任意1件赠品（赠完即止）,42,2018/2/27,珍酒
562538183325 ,泸州老窖2017版窖龄30年52度500ml浓香型高度白酒,238,138,名酒限时直降，甄选好货，品牌直供,满1件送任意1件赠品（赠完即止）；满2件送任意2件赠品（…,26,2018/2/27,泸州老窖
557451009644 ,【天猫超市】习酒茅台集团习酱蓝53度500ml*2瓶双提装酱香型白酒,238,11,,,11,2018/2/27,习酒
541018859295 ,红星二锅头 蓝瓶绵柔8陈酿43度750ml*6瓶整箱装白酒,238.1,4028,实惠口粮酒,,9033,2018/2/27,红星
43356514938 ,洋河大曲52度375ml*6瓶浓香型酒厂直发优惠更多,238.8,194,,,1175,2018/2/27,洋河
530230582421 ,牛栏山二锅头百年清香58度500ml*12 整箱装 清香型,238.8,120,正宗牛栏山 地道北京味,,487,2018/2/27,牛栏山
19902114251 ,劲牌 中国劲酒 35度5L*1桶 整箱 盒装 低度 白酒,239,4689,超值10斤装,,14665,2018/2/27,劲酒
39361415168 ,42度洋河天之蓝 375ml 绵柔型白酒 猫超配送 猫超自营,239,300,单笔订单 送一个礼袋 需多个 拍双支装 见详情页,满2件送任意2件赠品（赠完即止）,631,2018/2/27,洋河
536245146178 ,贵州国台酒53度财富升级版500ml大曲酱香型高度白酒礼盒,239,67,财富升级礼盒,,459,2018/2/27,国台
555246457434 ,牛栏山 百年红（6） 50度 整箱装 500ml*6瓶 口感浓香型,239,171,,,76,2018/2/27,牛栏山
550366897349 ,致中和白酒 苦荞酒42度 500ml*2瓶酒厂直供配礼袋,239,9,精选优质原料 传统酿造工艺,满188元减100元,2,2018/2/27,致中和
560069389074 ,五粮液酒厂五粮春50度 500mL浓香型 白酒 国产,248,172,,满2件送任意1件赠品（赠完即止）,108,2018/2/27,五粮液
556671819544 ,郎酒郎牌特曲T9精英版50度 500mL浓香型国产白酒,248,28,,满2件送任意1件赠品（赠完即止）,26,2018/2/27,郎酒
526936773919 ,白云边陈酿金五星45度浓香白酒500mL原浆粮食酒,249,741,湖北名酒 品牌名酒 纯粮发酵 精细制曲 陈年浓香,满199元减100元,2078,2018/2/27,白云边
543408548311 ,【天猫超市】红星二锅头绵柔8陈酿53度750ml*6瓶整箱装酒厂直供,249,1501,,,2055,2018/2/27,红星
539371839415 ,46度天佑德青稞酒海拔2800清香型白酒500ml*2瓶,254,4,凛冽芬芳 口感醇厚 回味绵长,满2件8.5折送任意2件赠品（赠完即止）,102,2018/2/27,天佑德
35281275507 ,劲牌 中国劲酒35度 520ml*6 整箱装低度 白酒,256,406,超值整箱装,,4546,2018/2/27,劲酒
545146264992 ,五粮液五粮醇优醇42度500ml*6浓香型白酒酒厂直供,256,143,原厂整箱 品质保证,满200元减20元,338,2018/2/27,五粮液
557512827266 ,四特锦瓷四星52度460ml*2瓶双提装含礼袋特香型白酒,256,35,,,171,2018/2/27,四特
541343685401 ,【天猫超市】小糊涂仙酱香型白酒52度双装支500ml*2酒厂直供,256,43,,满1件送任意1件赠品（赠完即止）,126,2018/2/27,小糊涂仙
522862281378 ,洋河邃之蓝42度500mlX2瓶 礼袋套装含礼品袋酒厂直供,258,61,,满258元减70元；满499元减150元,1237,2018/2/27,洋河
533859045909 ,牛栏山二锅头珍品陈酿52度500ml*8整箱装浓香型,258,148,正宗牛栏山 地道北京味 整箱正品,,249,2018/2/27,牛栏山
563559671211 ,贵州茅台集团习酒原浆窖龄酒 52度浓香型白酒两瓶装礼盒,258,190,,满199元减60元,66,2018/2/27,茅台
39361275463 ,42度洋河海之蓝1000ml 绵柔型白酒 猫超配送 酒厂直供,259,203,需多个礼袋 请分开下单,满1件送任意1件赠品（赠完即止）,2040,2018/2/27,洋河
39466248623 ,52度洋河天之蓝375ml 绵柔型白酒 猫超配送 酒厂直供,259,145,单笔订单 送一个礼袋 需多个 拍双支装 见详情页,满2件送任意2件赠品（赠完即止）,576,2018/2/27,洋河
530230930044 ,牛栏山 百年红（8） 38度 整箱装 500ml*6瓶 口感浓香型,268,313,正宗牛栏山 地道北京味 整箱正品 箱内礼袋3支,,367,2018/2/27,牛栏山
564829905648 ,五粮液股份公司富贵天下佳藏52度 500mL*6 白酒 组合套装,268,83,,,13,2018/2/27,五粮液
539032671719 ,五粮液股份公司富贵天下佳藏52度 500mL*6浓香型白酒,269,2887,,,2358,2018/2/27,五粮液
525548264523 ,牛栏山 珍品（15） 45度 整箱装 400ml*6瓶 口感清香型白酒,269,623,正宗牛栏山 地道北京味 箱内礼袋3支,,1156,2018/2/27,牛栏山
561131898420 ,五粮液股份一尊天下绵柔52度浓香型白酒整箱500mL*6瓶促销,269,441,,,212,2018/2/27,五粮液
563402235367 ,汾酒杏花村53度黄盖玻汾475ml*6瓶清香型白酒,269,125,官方授权 天猫配送 保真快捷,满1件送任意1件赠品（赠完即止）,63,2018/2/27,汾酒
563403027497 ,汾酒杏花村42度红盖玻汾475ml*6瓶清香型白酒,269,40,官方授权 天猫配送 保真快捷,满1件送任意1件赠品（赠完即止）,16,2018/2/27,汾酒
544058752900 ,汾酒杏花村老白汾酒53度475ml*2清香型白酒厂家直供,270,480,官方授权 天猫配送 保真快捷,满1件送任意1件赠品（赠完即止）,301,2018/2/27,汾酒
526214487351 ,小糊涂仙酒商超版52度500ml*2浓香型白酒酒厂直供,276,855,天猫超市自营 送礼自用皆宜,满1件送任意1件赠品（赠完即止）,1528,2018/2/27,小糊涂仙
522077211211 ,四特 东方韵系列 弘韵 52度 500ml*2 礼袋装,276,114,喝好酒 天猫自营 正品保证 百城次日达,,236,2018/2/27,四特
541662947094 ,汾酒杏花村53度汾酒475ml*2 瓶清香型白酒两瓶装酒厂直供,276,322,官方授权 天猫配送 保真快捷,,234,2018/2/27,汾酒
522967272605 ,剑南春52度金剑南K6礼袋装500ml*2浓香型酒厂直供,278,1008,,满1件送任意1件赠品（赠完即止）,2615,2018/2/27,剑南春
19160578890 ,茅台集团习酒金质53度 500ml酱香型 白酒酒厂直供,278,101,君子之品 东方习酒 猫超自营 百城次日达,,192,2018/2/27,习酒
39436610175 ,52度洋河海之蓝1000ml 绵柔型白酒 猫超配送 酒厂直供,279,174,拍1瓶以上 送1个礼袋 需多个礼袋 请分开下单,满1件送任意1件赠品（赠完即止）,1560,2018/2/27,洋河
545403778157 ,金六福白酒一坛好酒40.8度500ml浓清兼香型纯粮酒,279,2,素而不俗，匠心酿造。天猫超市百城次日达！,满2件送任意1件赠品（赠完即止）；满4件送任意1件赠品（…,39,2018/2/27,金六福
43096517405 ,泸州老窖窖龄60年52度500ml浓香型白酒酒厂直供,280,473,限时直降，品味60年的限量版好酒,满1件送任意1件赠品（赠完即止）；满2件送任意2件赠品（…,592,2018/2/27,泸州老窖
540122963756 ,五粮液股份52度华彩人生浓香型白酒整箱500ml*6,285.6,1034,四川宜宾产 酒质保证 内含3个礼袋,,1668,2018/2/27,五粮液
521981539966 ,42度洋河海之蓝480ml*2瓶 绵柔型白酒 猫超自营 酒厂直供,286,13369,不参与天猫超市任何优惠券活动,,15857,2018/2/27,洋河
521981539966 ,42度洋河海之蓝480ml*2瓶 绵柔型白酒 猫超自营 酒厂直供,286,13369,不参与天猫超市任何优惠券活动,,15857,2018/2/27,洋河
557192806171 ,52度天佑德青稞酒生态五星清香型500ml*2瓶高度白酒,286.8,111,生态酒 青稞酿,,56,2018/2/27,天佑德
556904262161 ,汾酒青花20山西汾酒杏花村53度清香型白酒 375ml,288,388,官方授权 天猫配送 保真快捷,满2件送任意2件赠品（赠完即止）,146,2018/2/27,汾酒
550929344675 ,洋河大曲老天蓝38度500ml*6瓶整箱装浓香型白酒,288,25,,,87,2018/2/27,洋河
556487980418 ,贵州茅台集团52度茅乡窖龄蓝500ml*6 整箱国产白酒,288,43,,,67,2018/2/27,茅台
19160458756 ,古井贡酒年份原浆古8-45度500ml浓香型白酒古井贡,288,25,,满199元减40元；满499元减100元送任意1件赠品（赠…,56,2018/2/27,古井贡酒
563315728947 ,迎驾贡酒三星级迎驾贡42度500mL*6瓶整箱白酒 纯粮食发酵,288,88,,满399元减40元送任意2件赠品（赠完即止）；满799元减…,23,2018/2/27,迎驾贡酒
555744727628 ,劲牌中国劲酒35度 680ml*6瓶低度白酒 整箱,296,622,整箱装 更实惠,,932,2018/2/27,劲酒
539946946763 ,五粮液股份公司 富贵天下绵香 52度 500mL*6 白酒,297,18,,,142,2018/2/27,五粮液
561870769975 ,古井贡酒岁月经典5年陈酿45度700mlx2瓶浓香型白酒,298,1093,大容量低度数 入口绵柔,,926,2018/2/27,古井贡酒
535640088212 ,汾酒 山西杏花村竹叶青酒45度牧童清香型整箱475ml*6,298,82,竹叶青 牧童牛,,569,2018/2/27,汾酒
26469740985 ,古井贡酒年份原浆古8-50度500ml浓香型白酒古井贡,298,243,天猫自营 百城次日达,满199元减40元；满499元减100元送任意1件赠品（赠…,479,2018/2/27,古井贡酒
563572600553 ,42度洋河海之蓝520ml*2 双支装 绵柔型国产白酒 酒厂直供,298,1832,,,396,2018/2/27,洋河
526454230380 ,贵州国台酒国台168 53度840ml酱香型精品礼盒高度白酒,298,118,领券下单立减10元,满1件送任意1件赠品（赠完即止）,227,2018/2/27,国台
544037697242 ,【天猫超市】五粮液股份公司 五粮醇精品级 500mL*6 白酒整箱,298,55,17仓发货 部分城市可当日达,满1件送任意1件赠品（赠完即止）,174,2018/2/27,五粮液
523396316814 ,酒鬼酒 珍藏特酿52度500ml 纯粮原酿 国产白酒馥郁香,298,34,中粮担保 馥郁香型,,97,2018/2/27,酒鬼酒
562471349511 ,劲牌劲酒公司60.6度 680ml 匠赏1953高度 白酒,298,55,,,17,2018/2/27,劲牌
562005459483 ,白水杜康珍品52度500ml*6瓶浓香型 国产白酒整箱,298,37,,,11,2018/2/27,白水杜康
564976870376 ,五粮液如意结纯酿 52度 500mLX6浓香型白酒组合套装,298,1,,,1,2018/2/27,五粮液
564976882173 ,五粮液股份公司如意结珍酿52度 500mLX6浓香型 白酒组合套装,298,1,,,1,2018/2/27,五粮液
540445376973 ,贵州茅台集团52度茅坛窖龄酒 浓香型白酒整箱装500ml*6,299,4014,领100元优惠券 茅台集团出品酒质保证,,4386,2018/2/27,茅台
538212487139 ,衡水老白干酒十八酒坊蓝钻40度400ml*4老白干香型白酒酒厂直供,299,63,猫超自营 原箱发货,满1件送任意1件赠品（赠完即止）,1122,2018/2/27,衡水老白干
539368049069 ,江小白白酒清香型小酒40度 S300ml*6瓶高粱酒整箱装,299,245,官方正品 纯粮食高粱酒 入口柔和,满99元送任意1件赠品（赠完即止）；满199元减10元送…,988,2018/2/27,江小白
551696340063 ,剑南春42度银剑南A3原箱装500ml*6瓶浓香型白酒,299,589,,,622,2018/2/27,剑南春
535363126483 ,【天猫超市】汾酒集团杏花村 百年汾杏纯酿 53度 475mL×6瓶白酒,299,36,新老版本 随机发货,,437,2018/2/27,汾酒
529731242212 ,杏花村汾酒集团百年汾杏陈酿（名酿） 475mL*6 白酒,299,135,,,264,2018/2/27,汾酒
536892435911 ,白云边陈酿金二星45度浓香型白酒500mL*6瓶装整箱,299,48,浓酱兼香 纯粮发酵 精细制曲 品牌名酒 湖北名酒,满199元减100元,202,2018/2/27,白云边
540278342085 ,【天猫超市】贵州茅台集团循环产投 封坛1992金装 500mL*6 白酒,299,64,,,195,2018/2/27,茅台
555167888210 ,牛栏山 百年红（8） 52度 整箱装 500ml*6瓶 口感浓香型,299,315,,,132,2018/2/27,牛栏山
561536079906 ,茅台集团白金珍品酒52度浓香型白酒整箱宴会送礼用酒500ml*4,299,419,,,131,2018/2/27,茅台
559992847043 ,五粮液股份尊耀绵纯52度 500mL*6瓶整箱装国产白酒,299,68,,满1件送任意1件赠品（赠完即止）,78,2018/2/27,五粮液
556665999766 ,五粮液股份尖庄贰零零玖50度450ml*12瓶整箱国产白酒,299,26,四川宜宾产,,49,2018/2/27,五粮液
562384720321 ,贵州茅台集团白金珍品酒浓香型白酒整箱装500ml*6,299,103,,,47,2018/2/27,茅台
562910699823 ,白水杜康珍品52度500ml*12瓶浓香型 国产白酒,299,12,,,30,2018/2/27,白水杜康
561121101812 ,泸州老窖泸州老窖泸小二Mr Lure酒33度330ml*6瓶整箱装中度白酒,299,41,新品上市,,20,2018/2/27,泸州老窖
541445857495 ,【天猫超市】五粮液股份公司东方娇子精酿级 组合装白酒 整箱,299,1,,,16,2018/2/27,五粮液
530176887264 ,北京牛栏山二锅头 珍品陈酿 52度1000ml*6瓶 整箱装,308,329,正宗牛栏山 地道北京味,,1175,2018/2/27,牛栏山
538211522520 ,【爆款特价】稻花香珍品二号整箱装浓香型白酒 52度500ml*6瓶,308,445,天猫超市自营 正品保证 百城次日达,,513,2018/2/27,稻花香
525495455494 ,白云边15年十五年陈酿45度浓酱兼香型白酒500mL,308,2,湖北名酒 纯粮发酵 陈酿老酒,,44,2018/2/27,白云边
562243400595 ,天佑德小黑青稞酒42度 清香型白酒2条礼盒装 125ml*8瓶,312,270,热销青稞酒 酒质好 醒酒快,,91,2018/2/27,天佑德
522047623714 ,茅台集团习酒银质53度 500ml*2酱香型白酒 礼袋装,316,27,君子之品 东方习酒 猫超自营 百城次日达,,192,2018/2/27,习酒
541657106275 ,汾酒杏花村45度老白汾酒475ml*2两瓶装酒厂直供,316,50,官方授权 天猫配送 保真快捷,满1件送任意1件赠品（赠完即止）,99,2018/2/27,汾酒
523782259565 ,52度红星青花瓷珍品二锅头750ml 清香型高度白酒,316,105,老百姓 爱喝的酒 狂欢嗨购中,,97,2018/2/27,红星
561197598643 ,茅台集团习酒红习酱195253度500ml*4礼袋装白酒,316,13,,,17,2018/2/27,习酒
19160658297 ,茅台集团习酒金典53度 500ml酱香型白酒酒厂直供,318,339,君子之品 东方习酒 猫超自营 百城次日达,满2件送任意1件赠品（赠完即止）,904,2018/2/27,习酒
554298843374 ,江小白白酒40度JOYYOUTH500ml*4瓶整箱清香型高粱酒,319,852,官方正品 酒厂直营 口感纯净 回味甘甜,满189元送任意1件赠品（赠完即止）；满229元送任意1…,845,2018/2/27,江小白
562117514918 ,伊力特50度新疆伊力特曲十年精制250ml*12浓香型酒厂直供,319,55,伊力特曲十年精制,满299元减20元；满599元减50元,16,2018/2/27,伊力特
535649573638 ,五粮液五粮醇3D第三代45度500ml*6瓶浓香型白酒酒厂直供,324,598,大家风范 系出名门,满300元减60元送任意1件赠品（赠完即止）,1064,2018/2/27,五粮液
521710025064 ,52度洋河海之蓝 480mlx2瓶 绵柔型白酒 猫超配送 酒厂直供,326,7165,不参与天猫超市任何优惠券活动,,21535,2018/2/27,洋河
25707368081 ,46度洋河天之蓝480ml 绵柔型白酒 猫超自营,329,87,不参与天猫超市任何优惠券活动,满2件送任意2件赠品（赠完即止）,424,2018/2/27,洋河
544875572952 ,42度洋河天之蓝 480ml 蓝色经典 绵柔型白酒,329,249,不参与天猫超市任何优惠券活动,满2件送任意2件赠品（赠完即止）,313,2018/2/27,洋河
556421656788 ,洋河蓝色经典天之蓝40.8度480ml口感绵柔浓香型白酒,329,51,,满2件送任意2件赠品（赠完即止）,21,2018/2/27,洋河
555856095538 ,洋河蓝色经典天之蓝38度480ml口感绵柔浓香型白酒,329,10,,满2件送任意2件赠品（赠完即止）,2,2018/2/27,洋河
535649529663 ,五粮液五粮醇3D第三代50度500ml*6浓香白酒酒厂直供,330,914,大家风范 系出名门,,1370,2018/2/27,五粮液
522094149664 ,古井贡酒年份原浆古5-50度500ml*2浓香型白酒古井贡,336,1401,天猫自营百城次日达,满299元减70元；满499元减150元,988,2018/2/27,年份原浆
522047715520 ,古井贡酒年份原浆古5-45度500ml*2浓香型白酒古井贡,336,189,天猫自营百城次日达,满299元减70元；满499元减150元,227,2018/2/27,古井贡酒
563574192612 ,52度海之蓝520ml*2 双支装 绵柔型国产白酒 酒厂直供,338,2152,,,545,2018/2/27,洋河
537539840314 ,牛栏山珍品（30） 46度500ml*2两瓶套装（内含礼袋1）,338,33,两瓶带礼袋 送礼更有面,,45,2018/2/27,牛栏山
558850145829 ,天佑德青海互助青稞酒46度海拔3200酒厂直供500ml*2,338,11,高海拔好酒,,8,2018/2/27,天佑德
537775767522 ,2瓶装54度500ml董酒畅享版纯粮高度白酒酒厂直供,339,215,纯粮固态酿造 百草入曲 产品包装升级 随机发货,,1960,2018/2/27,董酒
523241206933 ,【天猫超市】贵州茅台技开公司百年盛世珍品52度500mL×6瓶 白酒,339,109,,,520,2018/2/27,茅台
548472523596 ,水井坊臻酿八号38度浓香型500ml白酒礼盒装酒厂直供,339,84,天猫超市自营 百城次日达 品质保证,满2件送任意1件赠品（赠完即止）,54,2018/2/27,水井坊
561334423072 ,洋河天之蓝42度520ml白酒猫超自营酒厂直供正品保证,339,176,单笔订单 送一个礼袋 需多礼袋分开下单,满2件送任意1件赠品（赠完即止）,40,2018/2/27,洋河
19915313633 ,劲酒 中国劲酒35度258ml*15瓶整箱装 低度白酒,345,223,超值整箱装 更实惠,,1112,2018/2/27,劲酒
551049543930 ,洋河大曲老天蓝55度500ml*6整箱装浓香白酒酒厂直供,348,95,,,108,2018/2/27,洋河
540786268919 ,洋河大曲 42度 整箱装 500ml*6瓶 浓香型白酒新天蓝,348,56,,,88,2018/2/27,洋河
525529870415 ,牛栏山珍品（20）52度 整箱装 450ml*6 口感清香型,349,176,正宗牛栏山 地道北京味,,426,2018/2/27,牛栏山
557313499528 ,五粮液35度五粮醇畅享500ml*6原箱装婚宴请客送礼,349,17,,,9,2018/2/27,五粮液
537381723058 ,38度剑南春 浓香型白酒500ml商务宴请送礼酒厂直供,358,354,,满2件送任意1件赠品（赠完即止）,443,2018/2/27,剑南春
545815696686 ,致中和白酒 苦荞酒42度 500ml*6瓶整箱装 低度白酒,358.8,9,精选优质原料 传统酿造工艺,,20,2018/2/27,致中和
537541116663 ,茅台集团 习酒红习酱1952酱香型53度500ml*6瓶白酒整箱装酒厂直供,359,5965,,,9600,2018/2/27,习酒
43096385578 ,水井坊臻酿八号52度浓香型500ml白酒礼盒装酒厂直供,359,832,两瓶送一个 手提袋，买多 瓶分开下单,满2件送任意1件赠品（赠完即止）,1782,2018/2/27,水井坊
538728922363 ,四特青花窖藏 50度 500ml*6瓶 整箱装特香型白酒,359,84,特香典范 中国四特 猫超自营 百城次日达,,386,2018/2/27,四特
556599216263 ,【天猫超市】汾酒集团杏花村百年老坛藏品53度 475mLX6清香型白酒,359,214,,,331,2018/2/27,汾酒
552882702591 ,西凤酒55度绿瓶高脖500ml*12瓶整箱装凤香型白酒,359,100,,,254,2018/2/27,西凤
527929808052 ,五粮液股份公司 尊耀精品级 52度 500ml*6整箱装,359,75,酒味醇厚甘美，喷香浓郁,,197,2018/2/27,五粮液
538774045111 ,四特酒红花窖藏 52度 460ml*6瓶 整箱装 特香型白酒,359,24,特香典范 中国四特 猫超自营 百城次日达,,95,2018/2/27,四特
542779216051 ,泸州老窖泸小二 125ml*24瓶 整箱 中度 白酒,360,44,限时直降，详情如下,满199元减100元,94,2018/2/27,泸州老窖
25417052422 ,52度洋河天之蓝480ml 绵柔型白酒 猫超自营 酒厂直供,363,289,不参与天猫超市任何优惠券活动,满2件送任意2件赠品（赠完即止）,2043,2018/2/27,洋河
537739922759 ,白云边金三星45度浓香型白酒500mL*6瓶白酒整箱特价,366,50,星级白云边 干杯不上头 湖北名酒,满199元减100元,231,2018/2/27,白云边
520434446178 ,45度洋河梦之蓝M1 -500ml 绵柔型白酒 猫超自营 酒厂直供,368,717,单笔订单买2瓶以上送1个礼袋请分开下单,满2件送任意1件赠品（赠完即止）,522,2018/2/27,洋河
540455917254 ,汾酒杏花村53度陈酿20黑坛475ml清香酒厂直供,368,35,官方授权 天猫配送 保真快捷,满2件送任意2件赠品（赠完即止）,68,2018/2/27,汾酒
561197529922 ,52度洋河天之蓝 520ml 绵柔型白酒 猫超新品 酒厂直供,369,303,单笔订单 送一个礼袋 需多礼袋分开下单,满2件送任意1件赠品（赠完即止）,78,2018/2/27,洋河
537385391440 ,牛栏山二锅头白酒珍品（30）53度500ml*2礼袋装,376,130,两瓶带礼袋 送礼更有面,,221,2018/2/27,牛栏山
557608683851 ,习酒茅台酱香金品53度500ml*2双提装含礼袋白酒,376,35,,,115,2018/2/27,习酒
541353447270 ,小糊涂仙酒洞藏(精品)52度500ml*2瓶浓香型白酒酒厂直供,376,19,猫超自营 品质保证,满299元减40元送任意2件赠品（赠完即止）,53,2018/2/27,小糊涂仙
564361682525 ,古井贡酒年份原浆幸福版50度500ml*2浓香型白酒过年送礼,376,111,满199减100 399减200 送礼袋,满199元减100元；满399元减200元,31,2018/2/27,古井贡酒
530176371517 ,牛栏山52度经典二锅头（黄龙）500ml清香型 特价白酒,378,102,正宗牛栏山 地道北京味,满2件送任意1件赠品（赠完即止）,73,2018/2/27,牛栏山
540220432573 ,衡水老白干酒青花40度750ml*4老白干香型白酒酒厂直供,386,30,猫超自营 品质保证 喝出男人味,满1件送任意1件赠品（赠完即止）,75,2018/2/27,衡水老白干
18602297168 ,52度剑南春 浓香型白酒500ml酒厂直供不参加任何活动,388,3028,不参与天猫超市任何优惠券活动,满2件送任意1件赠品（赠完即止）,3597,2018/2/27,剑南春
26520764365 ,四特东方韵系列 雅韵52度 500ml特香型白酒酒厂直供,388,264,特香典范 中国四特 猫超自营 百城次日达,满2件送任意1件赠品（赠完即止）,396,2018/2/27,四特
546613032111 ,金门高粱酒红坛金门高粱酒58度1000ML原装进口白酒,388,150,酒厂直供 原装进口 瓷瓶大容量,,86,2018/2/27,金门
540449113599 ,汾酒杏花村42度青花20清香型白酒500ml酒厂直供,388,49,官方授权 天猫配送 保真快捷,满2件送任意2件赠品（赠完即止）,81,2018/2/27,汾酒
522092881968 ,白云边20年二十年陈酿42度浓酱兼香型白酒500mL,388,85,陈酿老酒 湖北名酒 纯粮发酵 精细制曲,,55,2018/2/27,白云边
523726899129 ,红星二锅头酒绵柔8陈酿43度500ml *12整箱酒厂直供,388.8,325,老百姓爱喝的二锅头 天猫自营 百城次日达,,974,2018/2/27,红星
541967986458 ,西凤 西凤名酿窖藏级 52度 500mL*6 浓香型白酒,389,840,,,1541,2018/2/27,西凤
520001385004 ,泸州老窖头曲52度500ml*6瓶整箱浓香型白酒酒厂直供,389,505,限时直降，甄选好酒，厂家直供,满1件送任意1件赠品（赠完即止）,714,2018/2/27,泸州老窖
562584911037 ,劲牌 中国劲酒参茸劲酒38度 500ml*4 整箱装低度 白酒,389,161,,,57,2018/2/27,劲牌
562620067135 ,劲牌劲酒公司毛铺 大团圆500ml*6瓶白酒 整箱装,389,42,,,9,2018/2/27,劲牌
19174801719 ,茅台集团习酒窖藏199853度 500ml酱香白酒贵州,394,225,君子之品 东方习酒 猫超自营 百城次日达,满2件送任意1件赠品（赠完即止）,270,2018/2/27,茅台
541283398941 ,茅台赖茅端曲53度500ml*2酱香型白酒礼盒装酒厂直供,398,145,猫超自营 赖茅不赖,满398元减80元,1487,2018/2/27,茅台
43195539795 ,汾酒杏花村53度青花20清香型白酒500ml酒厂直供,398,482,官方授权 天猫配送 保真快捷,,508,2018/2/27,汾酒
525495747126 ,牛栏山 百年红（10）38度 整箱装 500ml*6瓶 口感浓香型婚庆白酒,398,364,正宗牛栏山 地道北京味 整箱正品 箱内礼袋3支,,384,2018/2/27,牛栏山
559886811509 ,江小白白酒庆祝时刻2000ml单瓶盒装团建必备酒厂直营,398,23,酒厂直营，正品保证，百城次日达,,24,2018/2/27,江小白
560568092642 ,双沟莜清 燕麦酒 40.8度 500ml 浓香型白酒酒厂直供,398,22,手提袋暂无，介意者慎拍,满2件5折,1,2018/2/27,双沟
555748218564 ,洋河蓝色经典 梦之蓝M6 52度 375ml 口感绵柔浓香型,399,2726,新旧包装 随机发货,,1534,2018/2/27,洋河
43270465848 ,五粮液股份公司 尊耀珍品级 52度 500ml*6整箱白酒,399,344,酒味醇厚甘美，喷香浓郁,,1020,2018/2/27,五粮液
541959037454 ,西凤 西凤名酿久藏级 52度 500mL*6 浓香型 整箱白酒,399,192,,,852,2018/2/27,西凤
527345030388 ,汾酒集团 杏花村百年汾杏精酿 475mlX6瓶白酒整箱,399,236,新老包装随机发货,,734,2018/2/27,汾酒
537709911474 ,剑南春精制剑南醇52度浓香型500ml*6 原箱装商务宴请,399,25,,,364,2018/2/27,剑南春
545826740371 ,泸州老窖头曲55度625ml*6瓶整箱高度白酒厂家直供,399,161,限时钜惠直降：加量更实惠，甄选好货,满1件送任意1件赠品（赠完即止）,257,2018/2/27,泸州老窖
538234133479 ,郎酒郎牌特曲V5浓香型白酒 50度 500ml*6整箱装,399,47,口感细腻，酒体丰厚,,148,2018/2/27,郎酒
551552605091 ,剑南春剑南醇C8浓香型白酒500ml*6整箱装婚宴送礼,399,97,,满399元减100元,128,2018/2/27,剑南春
560308891225 ,五粮液股份公司如意结铂金版52度 500mL*6浓香型白酒,399,78,,,51,2018/2/27,五粮液
556906665749 ,五粮液42度五粮醇铠甲小酒150ML*24瓶整箱装自饮小酌,399,14,,,46,2018/2/27,五粮液
561850751769 ,五粮液股份52度VVV精品级浓香型白酒整箱500ml*6,399,117,,满299元减100元,45,2018/2/27,五粮液
525061807586 ,白云边20年陈酿原浆45度浓酱兼香型白酒 500mL送礼,399,12,纯粮发醇 精细制曲 品牌酒 浓酱兼香型,,41,2018/2/27,白云边
521590569549 ,茅台集团习酒红习酱53度 500ml*6 瓶酱香型 白酒,414,79,君子之品 东方习酒 猫超自营 百城次日达,,411,2018/2/27,茅台
20922227145 ,郎酒 红花郎十 53度500ml高度 酱香型 白酒,418,537,2瓶送1个礼袋，2瓶以上请拍双支装,满2件送任意1件赠品（赠完即止）,1352,2018/2/27,郎酒
541416983849 ,Moutai/茅台43度迎宾酒 500ml *6瓶整箱 酒厂直供,418,261,天猫超市自营 百城次日达 品质保证,,891,2018/2/27,茅台
557752048412 ,江小白白酒清香型40度Se.100ml*12整箱2箱组合装,418,80,酒厂直营，正品保证，百城次日达,满99元送任意1件赠品（赠完即止）；满199元减10元送…,118,2018/2/27,江小白
522072066498 ,泸州老窖特曲52度500ml* 2瓶浓香型白酒礼品礼袋装,420,2203,名酒限时直降，甄选好货，品质保障,满1件送任意1件赠品（赠完即止）,4959,2018/2/27,泸州老窖
534311558874 ,红星绵柔8陈酿蓝瓶53度500ml*12整箱白酒酒厂直供,426,67,老百姓爱喝的二锅头 满减更优惠 天猫自营,,377,2018/2/27,红星
19174621816 ,古井贡酒年份原浆古16-45度500ml浓香型白酒古井贡,429,32,,满199元减40元；满499元减100元送任意1件赠品（赠…,43,2018/2/27,古井贡酒
554856739486 ,郎小郎酒45度100ml*24瓶 整箱 兼香型 白酒口粮酒歪嘴郎,432,610,,,1008,2018/2/27,郎酒
557060996252 ,汾酒53度出口玻汾500ml*12瓶清香型白酒整箱,435,213,官方授权 天猫配送 保真快捷,,249,2018/2/27,汾酒
540301729847 ,百年泸州老窖窖龄30年52度 500ml*2瓶装高度 白酒礼盒礼品装,436,146,名酒限时直降钜惠购，好酒厂家直供,满1件送任意1件赠品（赠完即止）,608,2018/2/27,泸州老窖
538827834250 ,衡水老白干珍品12酒52度500ml*4老白干型白酒酒厂直供,436,229,喝出男人味 整箱发货 内含两礼袋,满1件送任意1件赠品（赠完即止）,332,2018/2/27,衡水老白干
564049886368 ,泸州老窖2017版窖龄30年52度500ml*2瓶礼盒装,436,383,,满1件送任意1件赠品（赠完即止）,82,2018/2/27,泸州老窖
541646593851 ,汾酒杏花村封坛15汾酒42度两瓶装475ml*2酒厂直供,436,13,官方授权 天猫配送 保真快捷,满1件送任意1件赠品（赠完即止）,65,2018/2/27,汾酒
558756740059 ,42度天佑德青稞酒10版出口型清香型酒厂直供750ml*2,436,48,出口型纯净无国界,满2件8折送任意1件赠品（赠完即止）,14,2018/2/27,天佑德
540629863185 ,牛栏山42度珍品陈酿20年土豪金牛500ml*8整箱装白酒,438,122,,满399元减41元,148,2018/2/27,牛栏山
530899158744 ,五粮液五粮醇红淡雅(透明)50度500ml*6瓶浓香型白酒整箱酒厂直供,439,144,新老包装随机发货！,满400元减100元送任意2件赠品（赠完即止）,342,2018/2/27,五粮液
21463667279 ,古井贡酒年份原浆古16-50度500ml浓香型白酒古井贡,439,45,天猫自营 百城次日达,满199元减40元；满499元减100元送任意1件赠品（赠…,157,2018/2/27,古井贡酒
563445484425 ,迎驾贡酒迎驾银星42度450mL*6整箱浓香型白酒酒厂直供,439,325,,满399元减40元送任意2件赠品（赠完即止）；满799元减…,103,2018/2/27,迎驾贡酒
534278628044 ,汾酒 山西杏花村竹叶青酒38度金象清香型整箱500ml*6,448,58,竹叶青,,117,2018/2/27,汾酒
533881106305 ,汾酒山西杏花村竹叶青酒38玻竹清香型整箱装475ml*12,449,27,竹叶青,,111,2018/2/27,汾酒
526386781759 ,洋河青瓷42度480ml*6瓶蓝色经典之浓香型白酒优惠,456,138,,,198,2018/2/27,洋河
553860230935 ,郎酒 红花郎十 53度558ml酱香型 高度白酒,458,404,购买2瓶送1个礼袋，2瓶以上请分开下单,满2件送任意1件赠品（赠完即止）,1030,2018/2/27,郎酒
530899138608 ,茅台赖茅酱香型传承蓝53度白酒500ml酒厂直供,458,128,赖茅不赖 酱香型酒,满899元减198元送任意1件赠品（赠完即止）,735,2018/2/27,茅台
547285982893 ,西凤酒 绿瓶盒装55度500ml*12瓶整箱装白酒凤香型,458,197,,,244,2018/2/27,西凤
561530893041 ,五粮液五粮醇红淡雅(升级版)50度500ml*6瓶浓香型白酒酒厂直供,459,125,,满400元减100元送任意1件赠品（赠完即止）,46,2018/2/27,五粮液
561590062319 ,古井贡酒哈萨克斯坦世博会纪念酒45度750ML白酒单瓶装,459,53,世博会纪念酒 满699减230,满699元减230元,5,2018/2/27,古井贡酒
43585489970 ,贵州茅台53度茅台迎宾酒500mlx6瓶装 整箱酒厂直供,468,2589,茅台迎宾酒 日常饮用酒,,12237,2018/2/27,茅台
533309749190 ,茅台迎宾酒53度500ml *6瓶 酱香型白酒 酒厂直供,468,1402,天猫超市自营 百城次日达 品质保证,,1904,2018/2/27,茅台
540628230005 ,牛栏山52度珍品陈酿20年土豪金牛1L*6整箱装白酒,469,77,,满1件送任意1件赠品（赠完即止）,104,2018/2/27,牛栏山
537539840220 ,牛栏山三十年窖藏53度500ml*2两瓶套装（内含礼袋1）,476,71,两瓶带礼袋 送礼更有面,,100,2018/2/27,牛栏山
541664039248 ,汾酒杏花村53度封坛15两瓶礼袋装475ml*2酒厂直供,476,26,官方授权 天猫配送 保真快捷,满1件送任意1件赠品（赠完即止）,56,2018/2/27,汾酒
522064428644 ,42度洋河天之蓝 375ml*2瓶 绵柔型白酒 猫超自营 酒厂直供,478,159,,,711,2018/2/27,洋河
558658077659 ,劲牌中国劲酒 35度5L*2桶 整箱 礼盒装 低度白酒,478,152,2桶装 更实惠,,179,2018/2/27,劲酒
537381723496 ,水井坊38度井台瓶500ml 浓香型 低度白酒酒厂直供,479,17,酒厂直供正品保障,满2件送任意1件赠品（赠完即止）,4,2018/2/27,水井坊
525696102426 ,衡水老白干酒67度750ml*4瓶老白干香型白酒酒厂直供,480,36,天猫超市自营 正品保证 原箱发货,,366,2018/2/27,衡水老白干
537786662064 ,白云边陈酿金四星45度500mL*6瓶浓香型白酒整箱特价,480,56,星级白云边 干杯不上头 湖北名酒,满199元减100元,202,2018/2/27,白云边
526173040234 ,汾酒杏花村53度黄盖玻汾酒475ml*12瓶整箱装酒厂直供,489,861,官方授权 天猫配送 保真快捷,,1105,2018/2/27,汾酒
561485651864 ,汾酒杏花村竹叶青酒45度出口竹玻璃瓶500mL*12瓶整箱装酒厂直供,489,371,详情页领券满199减25,,284,2018/2/27,汾酒
530928402049 ,五粮液五粮醇红淡雅(仿陶)42度500ml*6浓香型白酒厂家直供,489,67,大家风范 系出名门,满400元减100元送任意2件赠品（赠完即止）,281,2018/2/27,五粮液
555285926084 ,牛栏山 百年红（10） 52度 整箱装 500ml*6瓶 口感浓香型,489,153,,,75,2018/2/27,牛栏山
547481836065 ,劲牌劲酒公司32度追风活力露酒500ml*6 *5箱 劲酒 整箱白酒,495,14,超值5箱装,,24,2018/2/27,劲酒
560228741348 ,汾酒杏花村42度红盖玻汾酒475ml*12瓶整箱装酒厂直供,498,97,官方授权 天猫配送 保真快捷,,72,2018/2/27,汾酒
562988721810 ,牛栏山53度百年陈酿三牛1.5L浓香型礼盒装白酒,498,6,,,0,2018/2/27,牛栏山
530844919544 ,五粮液五粮醇红淡雅(仿陶)50度500ml*6浓香型白酒厂家直供,499,356,大家风范 系出名门,满400元减60元送任意2件赠品（赠完即止）,867,2018/2/27,五粮液
561537039920 ,茅台赖茅珍品53度500ml酱香型白酒酒厂直供保正品,499,463,赖茅珍品酒厂直供,满599元减78元送任意1件赠品（赠完即止）,186,2018/2/27,赖茅
556390944541 ,洋河蓝色经典梦之蓝M3 40.8度500ml口感绵柔浓香型白酒,499,192,详情页可领699-100元优惠券,满699元送任意1件赠品（赠完即止）；满999元减100元…,106,2018/2/27,洋河
540124011629 ,贵州茅台集团习酒原浆窖龄酒52度浓香型白酒整箱婚宴送礼,499,17,原浆酒,,72,2018/2/27,茅台
540337618498 ,五粮液股份华彩人生A30浓香型52度国产白酒整箱婚宴送礼用酒,499,17,四川宜宾产 酒质保证 内含3个礼袋,,72,2018/2/27,五粮液
563665429059 ,汾酒杏花村39.9度漾酒500ml*6瓶整箱装清香型白酒,499,10,详情页领券满199减100,,3,2018/2/27,汾酒
528121297936 ,洋河 微分子小V33.8度500ml 浓香型 白酒酒厂直供,506,15,单笔订单买2瓶以上送1个礼袋请分开下单,满2件送任意1件赠品（赠完即止）,32,2018/2/27,洋河
522059365908 ,52度洋河天之蓝 375ml*2瓶 绵柔型白酒 猫超自营 酒厂直供,518,213,,,1256,2018/2/27,洋河
42678675958 ,洋河海之蓝42度1000ml*2（原箱发货，内含两支礼袋）,518,34,,,20,2018/2/27,洋河
538112121509 ,白云边15年陈酿45度浓酱兼香型白酒500mL*2送礼婚庆,518,2,湖北名酒 品牌名酒 纯粮发酵 精细制曲,,11,2018/2/27,白云边
537381935248 ,水井坊井台52度浓香型500ml白酒礼盒装 酒厂直供,519,230,天猫超市自营 百城次日达 品质无忧,满2件送任意1件赠品（赠完即止）,232,2018/2/27,水井坊
552318032406 ,习酒习酱蓝53度500ml*6瓶整箱装酱香型白酒酒厂直供,519,409,酱香珍品 蓝之贵族,,206,2018/2/27,习酒
43613752473 ,洋河蓝色经典5A 梦之蓝52度500ml口感绵柔 白酒酒厂直供,519,82,猫超自营，喝的放心,满2件送任意2件赠品（赠完即止）,31,2018/2/27,洋河
25707216702 ,52度洋河梦之蓝M3 -500ml 绵柔型白酒 猫超自营酒厂直供,528,2409,拍2瓶以上 送1个礼袋 需多个礼袋 请分开下单,满2件送任意2件赠品（赠完即止）,4981,2018/2/27,洋河
43420720721 ,剑南春 珍藏级天益老号浓香型白酒52度500ml商务宴请,528,214,不参与天猫超市任何优惠券活动,满1件送任意1件赠品（赠完即止）；满2件送任意1件赠品（…,163,2018/2/27,剑南春
555284811213 ,牛栏山二锅头喜酒浓香型42度500ml*6瓶白酒整箱装,539,28,,,24,2018/2/27,牛栏山
540676956605 ,五粮液股份公司员工酒（光瓶）500ml×6整箱装白酒,549,224,,,713,2018/2/27,五粮液
554428110698 ,迎驾贡酒迎驾金星42度450mL*6整箱浓香型白酒酒厂直供,549,291,秉承传统酿艺 生态剐水酿造,满399元减50元送任意2件赠品（赠完即止）；满799元减…,61,2018/2/27,迎驾贡酒
522047891258 ,茅台集团习酒金质53度 500ml*2礼袋装 酱香型 白酒,556,131,君子之品 东方习酒 猫超自营 百城次日达,,214,2018/2/27,习酒
42698266625 ,洋河海之蓝52度1000ml*2白酒猫超自营酒厂直供,558,51,,,50,2018/2/27,洋河
556516641598 ,珍酒老珍酒53度500ml*6酱香型白酒整箱装厂家直供,558,25,,满1件送任意1件赠品（赠完即止）,17,2018/2/27,珍酒
36189070497 ,古井贡酒年份原浆献礼50度500ml*6浓香型白酒整箱,560,2225,天猫自营 百城次日达,满499元减40元,3579,2018/2/27,古井贡酒
539904240319 ,百年泸州老窖窖龄酒 60年52度500ml*2瓶高度 白酒礼盒装,560,966,限时直降特惠，臻酒好货，品牌直供,,1173,2018/2/27,泸州老窖
554413813443 ,习酒茅台集团 窖藏1988雅致版 53度500ml 酱香型白酒,568,115,,满1件送任意1件赠品（赠完即止）；满2件送任意1件赠品（…,43,2018/2/27,习酒
522064797186 ,古井贡酒年份原浆古8-45度500ml*2浓香型白酒古井贡,576,138,天猫自营百城次日达,满489元减100元,119,2018/2/27,古井贡酒
561475698824 ,汾酒杏花村青花20汾酒杏花村53度清香型白酒 375ml双瓶礼盒装,576,41,猫超新品 汾酒青花 全新包装,,14,2018/2/27,汾酒
525496862047 ,牛栏山二锅头百年陈酿（三牛）36度400ml*6整箱装,578,627,内有礼袋3支 正宗牛栏山 地道北京味,,1009,2018/2/27,牛栏山
561123951202 ,双沟1955 金标42度 500ml 浓香型白酒酒厂直供,588,32,手提袋已赠完，暂无，介意者慎拍,满2件5折,3,2018/2/27,双沟
560762492646 ,双沟莜清系列莜麦酒 40.8度 500ml 浓香型白酒酒厂直供,588,8,手提袋已赠完，暂无，介意者慎拍,满2件5折,2,2018/2/27,双沟
522067234134 ,古井贡酒年份原浆古8-50度500ml*2浓香型白酒古井贡,596,394,古井贡酒 年份原浆 天猫自营百城次日达,满489元减100元,288,2018/2/27,古井贡酒
43114231393 ,郎酒 红花郎十五年53度500ml 酱香型白酒 自营,598,206,新老包装随机发货,满1016元送任意2件赠品（赠完即止）,299,2018/2/27,郎酒
557151324937 ,江小白白酒清香型40度S300ml*12瓶整箱装粮食酒,598,104,轻口味 粮食高粱酒 酒厂直营,,135,2018/2/27,江小白
540123705225 ,贵州茅台集团茅乡典藏珍藏级52度浓香型白酒整箱装送礼500ml*6,598.5,225,浓香型白酒,满299元减100元,476,2018/2/27,茅台
525501385105 ,牛栏山二锅头百年陈酿（三牛）52度400ml*6整箱装,599,2129,箱内礼袋3支 正宗牛栏山 地道北京味,,1809,2018/2/27,牛栏山
537462318756 ,五粮液五粮醇红淡雅(光瓶)50度500ml*12瓶浓香型白酒厂家直供,599,96,大家风范 系出名门,,645,2018/2/27,五粮液
537386923265 ,牛栏山二锅头经典礼盒52度500ml*2+125ml*2 黄龙礼盒,599,384,正宗牛栏山 地道北京味,,452,2018/2/27,牛栏山
540609284976 ,泸州老窖八年窖头曲酒52度浓香型白酒500ml*6整箱,599,73,此酒不搭赠 礼品袋,,269,2018/2/27,泸州老窖
561399273414 ,茅台赖茅珍藏精选53度500mL酱香型白酒酒厂直供,599,286,赖茅珍藏酒厂直供,满599元减50元；满899元减100元送任意2件赠品（赠…,82,2018/2/27,赖茅
562241384314 ,贵州茅台集团白金鉴赏级52度浓香型白酒整箱500ml*6瓶,599,51,,满299元减100元送任意1件赠品（赠完即止）,42,2018/2/27,茅台
522682580363 ,五粮液股份尊耀珍酿级52度500ml*6整箱装浓香型白酒,599.01,689,口感细腻，酒体丰厚,满188元减100元送任意1件赠品（赠完即止）,1001,2018/2/27,五粮液
538005880253 ,白标西凤绵柔凤香型西凤93版出口型52度500ml*6,600,40,醇香芬芳 散发清香浓 香,,33,2018/2/27,西凤
558759860443 ,天佑德青海互助青稞酒43度海拔3800酒厂直供500ml*2,612,12,高海拔好酒,满1件送任意1件赠品（赠完即止）,11,2018/2/27,天佑德
555161962500 ,伊力特46度新疆伊力老窖250ml*10浓香型酒厂直供,629,180,天山雪水酿制，新疆伊犁名酒,满399元减20元；满999元减50元,154,2018/2/27,伊力特
557557411159 ,茅台集团习酒金典53度500ml*2瓶酱香型白酒双提装含礼袋,636,111,,,49,2018/2/27,习酒
525269938305 ,白云边12年42度 浓酱兼香型白酒500mL*6瓶整箱特价,639,492,湖北名酒 兼香典范 整箱优惠 精品礼袋,,444,2018/2/27,白云边
538875774515 ,天佑德青稞酒42度海拔2600清香型500ml*6瓶下单立减10元,640.8,5,清雅纯正 怡悦馥合,满99元减10元,18,2018/2/27,天佑德
540499662502 ,茅台集团习酒印象遵义52度 500ml*6整箱浓香型白酒,648,376,君子之品 东方习酒 猫超自营 百城次日达,,416,2018/2/27,习酒
538921109207 ,天佑德青稞酒46度海拔2800清香型500ml*6瓶酒厂直供,648,7,凛冽芬芳 口感醇厚 回味绵长,,13,2018/2/27,天佑德
521998634529 ,46度洋河天之蓝 480ml*2瓶 绵柔型白酒 猫超配送,658,493,不参与天猫超市任何优惠券活动,,833,2018/2/27,洋河
557162536157 ,洋河蓝色经典天之蓝40.8度480ml*2双提装白酒浓香型,658,37,,,92,2018/2/27,洋河
557079752279 ,洋河蓝色经典天之蓝38度480ml*2瓶双提装含礼袋,658,7,下单送赠品，送完为止,,17,2018/2/27,洋河
25707208788 ,洋河天之蓝礼盒46度480ml*2 蓝色经典绵柔型白酒,659,744,拍1盒以上 送1个礼袋 需多个礼袋 请分开下单,,204,2018/2/27,洋河
538922737390 ,天佑德青稞酒43度海拔3000清香型500ml*6瓶酒厂直供,678,53,凛冽芬芳 口感醇厚 回味绵长,满2件8折送任意1件赠品（赠完即止）,63,2018/2/27,天佑德
563746130694 ,洋河天之蓝42度520ml*2猫超自营酒厂直供正品保证,678,171,,,32,2018/2/27,洋河
554805706146 ,水井坊臻酿八号38度500mL*2瓶装白酒浓香酒厂直供,678,22,天猫超市自营 百城次日达 品质保证,,23,2018/2/27,水井坊
537789182321 ,白云边原浆金五星42度浓香白酒500mL*6瓶整箱送礼袋,690,7,星级白云边 干杯不上头 湖北名酒,满199元减100元,122,2018/2/27,白云边
540443420343 ,汾酒杏花村53度青花30清香型白酒500ml酒厂直供,698,88,官方授权 天猫配送 保真快捷,满2件送任意2件赠品（赠完即止）,104,2018/2/27,汾酒
25707320337 ,45度洋河梦之蓝M6-500ml 绵柔型白酒 猫超自营 酒厂直供,699,362,拍2瓶以上 送1个礼袋 需多个礼袋 请分开下单,满2件送任意2件赠品（赠完即止）,329,2018/2/27,洋河
556421100042 ,洋河蓝色经典梦之蓝M6 40.8度500ml口感绵柔浓香型白酒酒厂直供,699,42,拍2瓶以上送1个礼袋 需多个请分开下单,,11,2018/2/27,洋河
529411463533 ,贵州茅台王子酒46度酱香型国产白酒整箱宴会送礼500ml*6,708,121,天猫超市自营 酒厂合作 正品保证,,307,2018/2/27,茅台
555895300096 ,【天猫超市】双沟君坊41.8度（480ml+20ml）*6瓶整箱 珍宝坊,708,314,,,135,2018/2/27,双沟君坊
540346396154 ,汾酒杏花村53度紫砂（仿）475ml*6清香 整箱酒厂直供,708,46,官方授权 天猫配送 保真快捷,,71,2018/2/27,汾酒
556592568653 ,珍酒1975酒中珍品53度500ml*6酱香型白酒厂家直供,708,59,,,36,2018/2/27,珍酒
541648681324 ,汾酒杏花村42度陈酿20黑坛475ml*2两瓶装酒厂直供,716,36,官方授权 天猫配送 保真快捷,满1件送任意1件赠品（赠完即止）,25,2018/2/27,汾酒
537747243670 ,水井坊臻酿八号52度浓香型500mlX2瓶白酒礼盒装酒水,718,467,天猫自营百城次日达 品质无忧,,1140,2018/2/27,水井坊
521981791467 ,52度洋河天之蓝480ml*2瓶 绵柔型白酒 猫超配送,726,1071,不参与天猫超市任何优惠券活动,,3895,2018/2/27,洋河
555297742884 ,牛栏山 百年红（12） 39度 整箱装 500ml*6瓶 口感浓香型,729,6,酒厂授权;正宗二锅头地道北京味;,,9,2018/2/27,牛栏山
541648053306 ,汾酒杏花村53度陈酿20黑坛475ml*2两瓶装酒厂直供,736,56,官方授权 天猫配送 保真快捷,满1件送任意1件赠品（赠完即止）,101,2018/2/27,汾酒
563679473922 ,52度洋河天之蓝520ml*2 双支装 绵柔型国产白酒 酒厂直供,738,619,,,128,2018/2/27,洋河
525113173223 ,五粮液浓香型白酒45度普通装500ml中度白酒正品,739,21,五粮液出品 酒厂直供 中国雅量,,92,2018/2/27,五粮液
537539840297 ,牛栏山经典二锅头52度500ml*2两瓶套装(内含礼袋1）,756,34,两瓶带礼袋 送礼更有面,,23,2018/2/27,牛栏山
528065341096 ,洋河 微分子大V33.8度500ml 浓香型 白酒酒厂直供,758,4,单笔订单买2瓶以上送1个礼袋请分开下单,满2件送任意1件赠品（赠完即止）,3,2018/2/27,洋河
536778194709 ,小糊涂仙酒52度500ml*6瓶酱香型白酒酒厂直供,759,35,古色古香，浓醇丝韵，古法传承,满1件送任意2件赠品（赠完即止）,83,2018/2/27,小糊涂仙
529164162765 ,贵州茅台王子酒53度酱香型白酒整箱婚宴送礼酒500ml*6,768,789,天猫超市自营 品质保证 系出名门,,2277,2018/2/27,茅台
540349723056 ,汾酒杏花村53度汾酒475ml*6瓶清香型整箱装白酒酒厂直供,768,83,官方授权 天猫配送 保真快捷,,100,2018/2/27,汾酒
555169164488 ,牛栏山 百年红（12） 53度 整箱装 500ml*6瓶 口感浓香型,768,20,,,16,2018/2/27,牛栏山
44099548840 ,洋河邃之蓝42度500ml 6瓶原箱含三支礼袋酒厂直供,774,18,,满258元减70元；满499元减150元,252,2018/2/27,洋河
557249754718 ,四特东方韵雅韵52度500ml*2瓶双提装特香型白酒,776,165,,,129,2018/2/27,四特
541656150146 ,汾酒杏花村42度青花20清香型白酒500ml*2双瓶礼袋装,776,19,官方授权 天猫配送 保真快捷,满1件送任意1件赠品（赠完即止）,48,2018/2/27,汾酒
538075490507 ,白云边20年陈酿42度浓酱兼香型白酒500mL*2两瓶装,776,13,陈年酿制不上头 送礼佳品 湖北名酒,,30,2018/2/27,白云边
539383151404 ,贵州贵州国台精品礼盒168酱香型840ml*2酱香高度白酒,789,52,一斤六两八 量多实惠大,满388元送任意1件赠品（赠完即止）,8,2018/2/27,贵州国台
537389335286 ,汾酒杏花村53度青花二十500ml*2清香型白酒青花20,796,396,官方授权 天猫配送 保真快捷,满1件送任意1件赠品（赠完即止）,225,2018/2/27,汾酒
557368252438 ,习酒茅台集团窖藏1998酱香型53度500ml*2瓶双提装含礼袋,796,184,,,95,2018/2/27,习酒
538191296053 ,白云边20年陈酿45度兼香型白酒500mL*2礼盒装送礼,796,1,品牌名酒 纯粮发酵 精细制曲 陈酿浓香,,3,2018/2/27,白云边
541253681562 ,茅台赖茅传承·蓝53度500ml*2酱香型白酒礼袋装酒厂直供,798,119,国民酱香 赖茅酒,满500元减100元,415,2018/2/27,茅台
44461080544 ,劲牌劲酒公司毛铺苦荞酒黑荞42.8度500ml*6 整箱白酒,798,77,,,325,2018/2/27,劲酒
36493297322 ,五粮液浓香型白酒68度普通装500ml高度白酒正品,798,47,五粮液出品 酒厂直供 高度白酒,,80,2018/2/27,五粮液
532502079197 ,剑南春金剑南K6浓香型白酒52度500ml*6瓶酒厂直供,799,370,整箱6瓶 内含3个礼袋,满1件送任意1件赠品（赠完即止）,1331,2018/2/27,剑南春
540444402752 ,汾酒杏花村45度老白汾酒清香型白酒475ml*6整箱,799,38,官方授权 天猫配送 保真快捷,,46,2018/2/27,汾酒
561521885803 ,五粮液五粮醇盛世经典50度500ml*6瓶浓香型白酒整箱酒厂直供,799,64,,满700元减40元送任意2件赠品（赠完即止）,17,2018/2/27,五粮液
525922734470 ,小糊涂仙酒商超版52度500ml*6浓香型白酒整箱酒厂直供,818,393,商超经典款 内含3个礼袋 天猫自营,满1件送任意1件赠品（赠完即止）,1509,2018/2/27,小糊涂仙
26470064120 ,茅台集团习酒窖藏 198853度 500ml酱香型白酒,819.6,32,君子之品 东方习酒 猫超自营 百城次日达,满1件送任意1件赠品（赠完即止）；满2件送任意1件赠品（…,125,2018/2/27,茅台
526317601439 ,汾酒杏花村53度老白汾酒清香型白酒475ml*6瓶整箱,828,281,官方授权 天猫配送 保真快捷,,392,2018/2/27,汾酒
561562298206 ,洋河邃之蓝52度500ml*6整箱装白酒猫超自营酒厂直供,828,10,,满258元减70元；满499元减150元,2,2018/2/27,洋河
523022786631 ,52度剑南春 浓香型500ml*2瓶酒厂直供不参加任何活动,836,2832,不参与天猫超市任何优惠券活动,,5031,2018/2/27,剑南春
521996853477 ,郎酒 红花郎十 53度500mlx2瓶 酱香型 白酒,836,266,酱香典范 内含一个礼袋,,1247,2018/2/27,郎酒
555771657181 ,洋河蓝色经典海之蓝46度480ml*6整箱装浓香型白酒,852,282,下单送赠品，送完为止,满1件送任意1件赠品（赠完即止）,195,2018/2/27,洋河
555812690283 ,洋河蓝色经典海之蓝38度480ml*6瓶整箱装浓香型白酒江苏名酒,852,211,下单送赠品，赠完为止,满1件送任意1件赠品（赠完即止）,64,2018/2/27,洋河
551475577131 ,八八坑道淡丽42度6瓶（箱装）台湾原装白酒整箱送礼,858,98,酒厂直供 原装进口 整箱装,,69,2018/2/27,八八坑
555724296007 ,古井贡酒年份原浆古16-45度500ml*2浓香型白酒古井贡,858,26,,满489元减100元,22,2018/2/27,古井贡酒
523965109633 ,董酒鸿运54度500ml*6瓶董香型高度贵州白酒纯粮食酒,859,2,纯粮食酒 原箱整件发货 婚宴定制 国密工艺,,10,2018/2/27,董酒
555804065646 ,古井贡酒年份原浆古16-50度500ml*2浓香型白酒古井贡,878,120,,满489元减100元,130,2018/2/27,古井贡酒
561332511575 ,42度洋河海之蓝42度520ml*6 整箱装 白酒 猫超自营 酒厂直供,888,914,,,408,2018/2/27,洋河
544380762570 ,【天猫超市】53度茅台王子酒白酒整箱+52度茅坛窖龄酒整箱装组合,899,142,王子酒组套 高性价比 品质保证,,426,2018/2/27,茅台
561662367847 ,五粮液五粮醇金淡雅(升级版)50度500ml*6瓶浓香型白酒酒厂直供,899,55,,满799元减180元送任意3件赠品（赠完即止）,16,2018/2/27,五粮液
557117896844 ,郎酒 红花郎10-53度558ml*2瓶高度 酱香型 白酒,916,12,,,25,2018/2/27,郎酒
564806962756 ,古井贡酒哈萨克斯坦世博会纪念酒45度750ML*2白酒收藏送礼用酒,918,83,收藏送礼 甄选好酒,满899元减300元,23,2018/2/27,古井贡酒
36327435502 ,古井贡酒年份原浆古5-50度500ml*6浓香型白酒整箱,940,619,古井贡酒 年份原浆 天猫自营 百城次日达,,712,2018/2/27,古井贡酒
36325194231 ,古井贡酒年份原浆古5-45度500ml*6浓香型白酒整箱,940,107,古井贡酒 年份原浆 天猫自营 百城次日达,,156,2018/2/27,古井贡酒
562450170966 ,天佑德青稞酒生态五星52度五星500mlX6清香型白酒酒厂直供,948,6,不上头 醒酒快 高原青稞,,1,2018/2/27,天佑德
554804630585 ,水井坊井台瓶浓香白酒38度500mL*2瓶礼盒装酒厂直供,958,4,天猫超市自营 百城次日达 品质保证,,2,2018/2/27,水井坊
521492807308 ,泸州老窖国窖1573高度白酒 52度500ml酒厂直供礼盒装,969,493,国窖名酒好货，买真酒上天猫超市,满599元减129元送任意1件赠品（赠完即止）；满1299…,634,2018/2/27,泸州老窖
35121116703 ,52度洋河海之蓝480ml*6瓶 整箱 绵柔型白酒 猫超配送 酒厂直供,978,2247,不参与天猫超市任何优惠券活动,,4063,2018/2/27,洋河
525269870533 ,白云边15年陈酿42度白酒送礼500mL*6粮食酒整箱装,996,222,纯粮发酵 精细制曲 陈酿老酒,,176,2018/2/27,白云边
557656699746 ,洋河蓝色经典梦之蓝M3 40.8度 500ml*2瓶双提含礼袋口感绵柔白酒,998,40,,,35,2018/2/27,洋河
537872507262 ,董酒54度500ml畅享版6瓶箱装纯粮酿造白酒酒厂直供,999,128,纯粮固态 原箱整件发货 产品包装升级 随机发货,,165,2018/2/27,董酒
530247189834 ,北京牛栏山二锅头珍品（30） 46度500ml *6 口感清香型 整箱装,999,33,正宗牛栏山 地道北京味 箱内礼袋3支,,50,2018/2/27,牛栏山
561198433347 ,洋河海之蓝52度520ml*6整箱装白酒猫超自营酒厂直供正品保证,1008,1141,,,470,2018/2/27,洋河
561435204976 ,古井贡酒年份原浆幸福版50度500ml*6浓香型白酒箱装过年婚宴用酒,1008,28,满299-200 大国浓香 年份原浆,满299元减200元,7,2018/2/27,古井贡酒
544042448158 ,水井坊井台双瓶装52度500ml*2白酒礼盒装酒厂直供,1038,96,天猫百城次日达 正品保证,,70,2018/2/27,水井坊
538369689884 ,52度洋河梦之蓝M3-500ml*2瓶 绵柔型白酒 酒厂直供,1056,1172,送礼优选,,1111,2018/2/27,洋河
562516707794 ,珍酒珍品53度500ml*6酱香型白酒整箱装酒厂直供,1080,29,,满1988元减860元,6,2018/2/27,珍酒
530247661119 ,牛栏山二锅头53度珍品30（青龙）500ml*6口感清香型整箱装,1088,110,正宗牛栏山 地道北京味 箱内礼袋3支,,144,2018/2/27,牛栏山
537791638431 ,白云边原浆金五星45度白酒500mL*6瓶整箱装送礼袋,1090,21,星级白云边 干杯不上头 品牌名酒,满199元减100元,22,2018/2/27,白云边
538274465106 ,五粮液股份公司 东方娇子精酿级 52度 30瓶装 白酒,1095,3,,,45,2018/2/27,五粮液
43182948405 ,郎酒 青花郎20年 53度 500ml 酱香型白酒酒厂直供,1098,198,,满2196元减398元送任意2件赠品（赠完即止）,208,2018/2/27,郎酒
25416628792 ,五粮液普五水晶装52度500ml水晶瓶猫超直采高度白酒,1099,598,不参与天猫超市任何优惠券活动,满1099元减100元；满2198元减200元送任意1件赠…,896,2018/2/27,五粮液
562434304478 ,洋河梦之蓝M3-52度500ml*2礼盒装猫超自营酒厂直供,1099,551,,,191,2018/2/27,洋河
546249084366 ,郎酒红花郎15年53度500ml*2白酒酒厂直供正品保证,1196,203,新老包装随机发货,满1件送任意1件赠品（赠完即止）,184,2018/2/27,郎酒
38380642746 ,52度五粮液1618 浓香型 高度白酒 500ml 陶瓷 礼品酒,1199,545,世界名酒正品五粮液浓香,满1199元减200元；满2398元减400元送任意1件赠…,211,2018/2/27,五粮液
520671323425 ,泸州老窖 特曲 52度500mLx6瓶 整箱装 高度白酒,1248,693,好货直降，甄选真品，品牌直供,,1590,2018/2/27,泸州老窖
557319900676 ,【天猫超市】五粮液酒厂 五粮春 45度 500mLX6浓香型 白酒 整箱,1248,58,,,54,2018/2/27,五粮液
530899010376 ,茅台赖茅重沙53度500ml*6整箱酱香型酒厂直供,1388,41,赖茅不赖 酱香型酒,,192,2018/2/27,茅台
541649149545 ,汾酒杏花村53度青花30清香型白酒500ml*2两瓶礼袋装,1396,37,官方授权 天猫配送 保真快捷,,66,2018/2/27,汾酒
538407668762 ,45度洋河梦之蓝M6-500ml*2瓶 绵柔型白酒 猫超自营 酒厂直供,1398,159,,,166,2018/2/27,洋河
43270653705 ,泸州老窖窖龄30年52度500ml*6瓶整箱装白酒酒厂直供,1428,68,好酒限时直降，甄选好酒，厂家直供,,312,2018/2/27,泸州老窖
556615706857 ,【天猫超市】郎酒郎牌特曲T9精英版50度 500mLX6浓香型白酒,1428,12,,,16,2018/2/27,郎酒
41318271367 ,42度洋河天之蓝 375ml*6瓶 绵柔型白酒 猫超自营,1434,58,,,126,2018/2/27,洋河
562300288802 ,泸州老窖2017版窖龄30年52度500ml*6瓶整箱高度白酒,1448,27,好酒限时直降，甄选好酒，厂家直供,,7,2018/2/27,泸州老窖
525989269407 ,小糊涂仙酒38度500ml*12浓香型白酒整箱酒厂直供,1499,26,古色古香，浓醇丝韵，古法传承,满1件送任意1件赠品（赠完即止）,56,2018/2/27,小糊涂仙
525982922977 ,小糊涂仙酒52度500ml*12浓香型白酒整箱装酒厂直供,1519,212,古色古香，浓醇丝韵，古法传承,满1件送任意1件赠品（赠完即止）,329,2018/2/27,小糊涂仙
526178918338 ,52度洋河天之蓝 375ml*6瓶 绵柔型白酒 猫超自营 酒厂直供,1554,101,,,205,2018/2/27,洋河
557462561390 ,习酒茅台窖藏1988酱香53度500ml*2瓶双提装含礼袋,1576,71,,满1件送任意1件赠品（赠完即止）,53,2018/2/27,习酒
560067253616 ,五粮液酒厂五粮春50度 500mL*6浓香型白酒 整箱,1588,30,,,38,2018/2/27,五粮液
556676661525 ,珍酒珍五酒中珍品53度500ml*6酱香型白酒整箱装酒厂直供,1598,1,,,0,2018/2/27,珍酒
538235422242 ,五粮液股份52度 尊耀精品级500ml*30瓶浓香型白酒,1645,1,酒味醇厚甘美，喷香浓郁,满999元减150元,6,2018/2/27,五粮液
556894513225 ,汾酒青花20山西汾酒杏花村53度清香型白酒 375ml*6,1669,44,官方授权 天猫配送 保真快捷,,16,2018/2/27,汾酒
542628792475 ,泸州老窖国窖1573高度 52度500ml*2瓶白酒酒厂直供,1680,494,限时直降，甄选国窖真酒，名酒钜惠,满1件送任意2件赠品（赠完即止）,517,2018/2/27,泸州老窖
43265338602 ,泸州老窖窖龄60年52度500ml*6瓶整箱装白酒 酒厂直供,1680,185,天猫超市真酒，限时直降，详情如下,满1件送任意1件赠品（赠完即止）,351,2018/2/27,泸州老窖
538230458240 ,贵州茅台技开公司百年盛世珍品 52度 5箱装 白酒,1745,9,,,15,2018/2/27,茅台
560196046231 ,泸州老窖国窖1573经典装52度500ml*2组合礼盒装白酒,1768,246,新年新酒上市，年货提前囤，精致礼盒装,,56,2018/2/27,泸州老窖
538316896452 ,五粮液股份52度尊耀珍品级500ml*30 瓶浓香型白酒,1845,2,酒味醇厚甘美，喷香浓郁,满999元减150元,15,2018/2/27,五粮液
555810614838 ,洋河蓝色经典天之蓝38度480ml*6瓶整箱装口感绵柔型白酒酒厂直供,1968,7,下单送赠品，赠完为止,满1件送任意1件赠品（赠完即止）,9,2018/2/27,洋河
556611195466 ,洋河蓝色经典天之蓝40.8度480ml*6整箱装浓香型白酒酒厂直供,1968,19,下单送赠品，赠完为止,满1件送任意1件赠品（赠完即止）,7,2018/2/27,洋河
35013891887 ,46度洋河天之蓝 480ml*6瓶 绵柔型白酒 猫超配送,1974,26,不参与天猫超市任何优惠券活动,,146,2018/2/27,洋河
555687721776 ,45度洋河梦之蓝M3-500ml*4 绵柔型白酒 猫超配送 酒厂直供,1996,92,,,43,2018/2/27,洋河
533728460665 ,洋河梦之蓝M9-52度500ml白酒 猫超自营酒厂直供,1999,155,单笔订单买2瓶以上送1个礼袋请分开下单,满2件送任意1件赠品（赠完即止）,118,2018/2/27,洋河
548475611729 ,水井坊臻酿八号38度500ml*6瓶 白酒整箱酒厂直供,2009,20,天猫超市自营 百城次日达 品质保证,,13,2018/2/27,水井坊
561268062443 ,42度天之蓝520ml*6 绵柔型白酒 猫超新品 酒厂直供,2028,37,,,9,2018/2/27,洋河
537708531150 ,剑南春浓香型白酒38度剑南春500ml*6 整箱酒厂直供,2088,44,,,97,2018/2/27,剑南春
44042514902 ,52度洋河梦之蓝M3-500ml*4瓶 绵柔型白酒 猫超自营 酒厂直供,2112,306,,,577,2018/2/27,洋河
536493211279 ,水井坊臻酿八号6瓶装52度500ml*6整箱装浓香型白酒,2129,209,天猫自营百城次日达 正品保障 品质无忧,,350,2018/2/27,水井坊
40556587702 ,郎酒 红花郎十 53度500mlx6瓶 酱香型 整箱 白酒,2148,21,原箱发货（内含礼袋),,196,2018/2/27,郎酒
39256922715 ,52度洋河天之蓝 480ml*6瓶 绵柔型白酒 猫超配送,2178,161,不参与天猫超市任何优惠券活动,,516,2018/2/27,洋河
543899438700 ,郎酒青花郎20年53度500ml×2瓶酱香型白酒双支礼袋装,2196,110,,,220,2018/2/27,郎酒
561267590798 ,52度洋河天之蓝520ml*6 绵柔型白酒 猫超新品 酒厂直供,2208,69,,,22,2018/2/27,洋河
553826161701 ,郎酒红花郎十 53度558mlx6瓶 酱香型高度白酒整箱,2258,43,整箱装 内含礼袋,,66,2018/2/27,郎酒
555705473809 ,习酒窖藏1988雅致版53度500ml*4整箱装酱香型白酒,2272,66,,满1件送任意1件赠品（赠完即止）,67,2018/2/27,习酒
537385391122 ,牛栏山经典二锅头52度500ml*6整箱装清香型白酒,2288,23,正宗牛栏山 地道北京味 箱内礼袋3支,,15,2018/2/27,牛栏山
538022692116 ,白云边20年陈酿粮食酒42度白酒500mL*6瓶整箱特价,2328,27,湖北名酒 品牌名酒 纯粮发酵 精细制曲,,26,2018/2/27,白云边
540450214555 ,汾酒杏花村42度青花20清香型白酒500ml*6酒厂直供,2328,4,官方授权 天猫配送 保真快捷,,17,2018/2/27,汾酒
532583189339 ,52度剑南春白酒500ml*6整箱酒厂直供不参加任何活动,2388,422,不参与天猫超市任何优惠券活动,,788,2018/2/27,剑南春
530899370324 ,茅台赖茅传承-蓝酱香型白酒53度500ml*6酒厂直供,2390,60,赖茅不赖 酱香型酒,满2000元减600元；满4000元减1376元,311,2018/2/27,茅台
526117179063 ,汾酒杏花村53度汾酒青花20清香型白酒500ml*6瓶整箱,2448,54,官方授权 天猫配送 保真快捷,,107,2018/2/27,汾酒
538317516423 ,五粮液股份52度尊耀珍酿级500ml*30瓶浓香型白酒,2495,3,酒味醇厚甘美，喷香浓郁,满999元减150元,21,2018/2/27,五粮液
561462254223 ,茅台赖茅珍品53度500ml*6瓶酱香型白酒酒厂直供,2760,37,赖茅珍品，酒厂直供,满1000元减200元,10,2018/2/27,赖茅
555779615538 ,45度洋河梦之蓝M6- 500ml*4 绵柔型白酒 猫超配送 酒厂直供,2796,29,,,13,2018/2/27,洋河
548477375633 ,水井坊井台装38度 500ml*6白酒整箱浓香礼盒酒厂直供,2849,2,天猫超市自营 百城次日达 品质保证,,5,2018/2/27,水井坊
555781135649 ,52度洋河梦之蓝M6-52度500ml*4 绵柔型白酒 酒厂直供,2912,73,,,42,2018/2/27,洋河
553612984990 ,剑南春52度珍藏级天益老号浓香型白酒500ml*6原箱装,2988,21,不参与天猫超市任何优惠券活动,,18,2018/2/27,剑南春
523188746217 ,飞天茅台现货53度酱香白酒500ml*2非整箱发货限购1组,2998,21685,不参与天猫超市任何优惠券活动,,17980,2018/2/27,茅台
537910992262 ,水井坊井台52度浓香型500mlX6瓶白酒礼盒装酒厂直供,3089,29,天猫自营百城次日达 正品保障 品质无忧,,85,2018/2/27,水井坊
555744106584 ,【天猫超市】泸州老窖国窖1573手工版53度 500mLX4整箱浓香型白酒,3240,3,,,5,2018/2/27,泸州老窖
543781878245 ,郎酒红花郎15年53度500ml *6瓶酱香白酒酒厂直供,3388,77,,满1件送任意1件赠品（赠完即止）,133,2018/2/27,郎酒
561459170962 ,茅台赖茅珍藏53度500ml*6瓶酱香型国产白酒酒厂直供,3399,30,,满1000元减200元,21,2018/2/27,赖茅
540443712492 ,汾酒杏花村53度青花30清香型500ml*6整箱酒厂直供,3988,31,官方授权 天猫配送 保真快捷,,42,2018/2/27,汾酒
521600593441 ,泸州老窖国窖1573白酒 52度500ml*6瓶整箱装礼品装酒厂直供,5240,53,领劵立减200元，好酒不打烊,满1件送任意2件赠品（赠完即止）,153,2018/2/27,泸州老窖
538282333692 ,52度五粮液普五500ml*6猫超自采不参加任何活动,5599,473,不参与天猫超市任何优惠券活动,,614,2018/2/27,五粮液
540103784273 ,白酒五粮液1618陶瓷瓶500ml*6原箱装酒水名酒礼盒,5639,35,,,61,2018/2/27,五粮液
543796215762 ,郎酒青花郎20年53度500ml*6瓶酱香白酒酒厂直供,6588,57,,满1件送任意1件赠品（赠完即止）,114,2018/2/27,郎酒
522004673739 ,五粮液普五52度 500ml*2礼盒装猫超直采高度白酒,,1292,不参与天猫超市任何优惠券活动,满2198元减200元,1319,2018/2/27,五粮液
